boubacar-kamara,Boubacar Kamara
rob-schoofs,Rob Schoofs
simon-mignolet,Simon Mignolet
manuel-benson-hedilazio,Manuel Benson
ruben-santos-gato-alves-dias,Rúben Dias
brendan-schoonbaert,Brendan Schoonbaert
santiago-colombatto,Santiago Colombatto
alban-lafont,Alban Lafont
georgiy-shchennikov,Georgiy Shchennikov
brandon-mechele,Brandon Mechele
makhtar-gueye,Makhtar Gueye
theo-bongonda-mbul-ofeko-batombo,Théo Bongonda
bastian-oczipka,Bastian Oczipka
nemanja-radonjic,Nemanja Radonjić
francisco-reis-ferreira,Ferro
elisha-owusu,Elisha Owusu
mouhamed-mbaye,Mouhamed Mbaye
kouakou-herve-koffi,Hervé Koffi
nadiem-amiri,Nadiem Amiri
nicolas-gavory,Nicolas Gavory
marcos-antonio-silva-santos,Marcos Antonio
william-saliba,William Saliba
michael-ngadeu-ngadjui,Michael Ngadeu-Ngadjui
mattia-de-sciglio,Mattia De Sciglio
boris-rotenberg,Boris Rotenberg
jordan-rolly-botaka,Jordan Botaka
exequiel-alejandro-palacios,Exequiel Palacios
anthony-henri-vanden-borre,Anthony Vanden Borre
bertrand-isidore-traore,Bertrand Traoré
niklas-lomb,Niklas Lomb
nabil-fekir,Nabil Fekir
milan-tucic,Milan Tučić
wojciech-szczesny,Wojciech Szczęsny
luka-dordevic,Luka Đorđević
kevin-hoggas,Kévin Hoggas
junior-fashion-sakala,Fashion Sakala
sergej-milinkovic-savic,Sergej Milinković-Savić
igor-akinfeev,Igor Akinfeev
cristiano-ronaldo-dos-santos-aveiro,Cristiano Ronaldo
paulo-bruno-exequiel-dybala,Paulo Dybala
ozan-muhammed-kabak,Ozan Kabak
houssem-aouar,Houssem Aouar
nicolas-penneteau,Nicolas Penneteau
ebere-paul-onuachu,Paul Onuachu
edin-dzeko,Edin Džeko
lorenzo-insigne,Lorenzo Insigne
thibault-peyre,Thibault Peyre
timothy-derijck,Timothy Derijck
charles-de-ketelaere,Charles De Ketelaere
aleksandr-maksimenko,Aleksandr Maksimenko
maximiliano-gabriel-comba,Maximiliano Comba
aboubakary-koita,Aboubakary Koita
vedran-corluka,Vedran Ćorluka
eder-fabian-alvarez-balanta,Éder Álvarez
matthijs-de-ligt,Matthijs de Ligt
guillaume-hubert,Guillaume Hubert
arnaud-bodart,Arnaud Bodart
abdoul-fessal-tapsoba,Abdoul Tapsoba
yuki-kobayashi-1992-04-24,Yuki Kobayashi
gianni-bruno,Gianni Bruno
lukas-hradecky,Lukáš Hradecky
gianluigi-buffon,Gianluigi Buffon
leonardo-bonucci,Leonardo Bonucci
moussa-dembele,Moussa Dembélé
mateus-cardoso-lemos-martins,Tetê
ryota-morioka,Ryota Morioka
gonzalo-gerardo-higuain,Gonzalo Higuaín
nikola-storm,Nikola Storm
zinho-vanheusden,Zinho Vanheusden
maxime-busi,Maxime Busi
adolfo-julian-gaich,Adolfo Gaich
juan-guillermo-cuadrado-bello,Juan Cuadrado
jesus-manuel-corona-ruiz,Jesús Corona
danijel-milicevic,Danijel Miličević
konstantinos-laifis,Konstantinos Laifis
jordan-larsson,Jordan Larsson
rafael-alexandre-fernandes-ferreira-da-silva,Rafa Silva
ali-gholizadeh,Ali Gholizadeh
rafael-pereira-da-silva,Rafael
ibrahima-seck,Ibrahima Seck
isaac-asante,Isaac Asante
samir-nasri,Samir Nasri
aleksey-miranchuk,Aleksey Miranchuk
julien-de-sart,Julien De Sart
gojko-cimirot,Gojko Cimirot
simon-deli,Simon Deli
moussa-marega,Moussa Marega
denis-bouanga,Denis Bouanga
robert-snodgrass,Robert Snodgrass
edmond-faycal-tapsoba,Edmond Tapsoba
guilherme-alvim-marinato,Guilherme
jovan-stojanovic,Jovan Stojanović
joseph-fabrice-ondoa-ebogo,Fabrice Ondoa
kieran-trippier,Kieran Trippier
joachim-van-damme,Joachim Van Damme
tom-reyners,Tom Reyners
aleksandar-kolarov,Aleksandar Kolarov
jason-denayer,Jason Denayer
ariel-matias-garcia,Matías García
fabian-ruiz-pena,Fabián Ruiz
weston-mckennie,Weston McKennie
arnor-sigurdsson,Arnór Sigurdsson
ezequiel-ponce-martinez,Ezequiel Ponce
borja-iglesias-quintas,Borja Iglesias
loic-remy,Loïc Rémy
krepin-diatta,Krepin Diatta
sulayman-marreh,Sulayman Marreh
jan-oblak,Jan Oblak
imran-louza,Imran Louza
daniel-parejo-munoz,Dani Parejo
kalidou-koulibaly,Kalidou Koulibaly
nikola-vlasic,Nikola Vlašić
alex-nicolao-telles,Alex Telles
sebastien-haller,Sébastien Haller
kevin-volland,Kevin Volland
daniel-wass,Daniel Wass
roman-zobnin,Roman Zobnin
agustin-federico-marchesin,Agustín Marchesín
didier-lamkel-ze,Didier Lamkel Ze
michel-vlap,Michel Vlap
tristan-borges,Tristan Borges
fedor-chalov,Fedor Chalov
amine-harit,Amine Harit
wolke-janssens,Wolke Janssens
carlos-soler-barragan,Carlos Soler
diego-demme,Diego Demme
elseid-hysaj,Elseid Hysaj
sylvester-sly-igboun,Sylvester Igboun
mario-figueira-fernandes,Mário Fernandes
emmanuel-bonaventure-dennis,Emmanuel Dennis
jorge-resurreccion-merodio,Koke
davy-de-fauw,Davy De fauw
julian-weigl,Julian Weigl
roman-evgenyev,Roman Evgenyev
saul-niguez-esclapez,Saúl
alexandre-de-bruyn,Alexandre De Bruyn
luis-fernando-diaz-marulanda,Luis Díaz
vladimir-van-de-wiel,Vladimir Van de Wiel-Novinchanova
marcus-coco,Marcus Coco
samuel-asamoah,Samuel Asamoah
rodrigo-bentancur-colman,Rodrigo Bentancur
luis-alberto-romero-alconchel,Luis Alberto
jack-hendry,Jack Hendry
ruud-vormer,Ruud Vormer
henrikh-mkhitaryan,Henrikh Mkhitaryan
andreas-beck,Andreas Beck
eden-shamir,Eden Shamir
sergio-miguel-relvas-de-oliveira,Sérgio Oliveira
maxime-lestienne,Maxime Lestienne
grzegorz-krychowiak,Grzegorz Krychowiak
florian-thauvin,Florian Thauvin
diogo-meireles-costa,Diogo Costa
bouna-sarr,Bouna Sarr
nikola-maksimovic-1991-11-25,Nikola Maksimović
renan-augusto-lodi-dos-santos,Renan Lodi
hotman-el-kababri,Hotman El Kababri
dmitri-zhivoglyadov,Dmitri Zhivoglyadov
gabriel-armando-de-abreu,Gabriel Paulista
kader-bamba,Kader Bamba
shamar-nicholson,Shamar Nicholson
felipe-anderson-pereira-gomes,Felipe Anderson
faris-haroun,Faris Haroun
fernando-dos-santos-pedro,Fernando
bakary-adama-soumaoro,Adama Soumaoro
alejandro-grimaldo-garcia,Álex Grimaldo
dries-wouters,Dries Wouters
vladislav-ignatyev,Vladislav Ignatyev
lorenzo-pellegrini,Lorenzo Pellegrini
andraz-sporar,Andraž Šporar
kristijan-bistrovic,Kristijan Bistrović
david-chidozie-okereke,David Okereke
chris-smalling,Chris Smalling
yevhen-konoplyanka,Yevhen Konoplyanka
stergos-marinos,Stergos Marinos
igor-diveev,Igor Diveev
maximiliano-gomez-gonzalez,Maxi Gómez
christophe-lepoint,Christophe Lepoint
shawn-adewoye,Shawn Adewoye
dorian-dessoleil,Dorian Dessoleil
cristiano-piccini,Cristiano Piccini
adrien-rabiot,Adrien Rabiot
gnaly-maxwell-cornet,Maxwell Cornet
daniel-munoz-mejia,Daniel Muñoz
renato-junior-luz-sanches,Renato Sanches
alan-dzagoev,Alan Dzagoev
valere-germain,Valère Germain
odisseas-vlachodimos,Odysseas
mathis-ryan-cherki,Mathis Cherki
fabio-pereira-da-silva,Fábio
timothy-weah,Timothy Weah
karl-brillant-toko-ekambi,Karl Toko Ekambi
igor-alberto-rinck-de-camargo,Igor de Camargo
vincent-kompany,Vincent Kompany
maksim-glushenkov,Maksim Glushenkov
daan-heymans,Daan Heymans
mike-maignan,Mike Maignan
marcus-wendel-valle-da-silva,Wendel
modou-diagne,Modou Diagne
samuel-gigot,Samuel Gigot
olivier-verdon,Olivier Verdon
otavio-edmilson-da-silva-monteiro,Otavinho
leonardo-julian-balerdi-rossa,Leonardo Balerdi
mouctar-diakhaby,Mouctar Diakhaby
sebastien-dewaest,Sébastien Dewaest
rodrigo-moreno-machado,Rodrigo
angel-martin-correa,Ángel Correa
benito-raman,Benito Raman
megan-laurent,Mégan Laurent
vladislav-torop,Vladislav Torop
kristof-d-haene,Kristof D'Haene
andrei-girotto,Andrei Girotto
albert-mboyo-sambi-lokonga,Albert-Mboyo Lokonga
aleksandar-vukotic,Aleksandar Vukotić
emerson-aparecido-leite-de-souza-junior,Emerson
igor-plastun,Igor Plastun
anton-kochenkov,Anton Kochenkov
thomas-strakosha,Thomas Strakosha
ederzito-antonio-macedo-lopes,Éder
samuel-bastien,Samuel Bastien
miralem-pjanic,Miralem Pjanić
dries-mertens,Dries Mertens
ari-freyr-skulason,Ari Skúlason
mile-svilar,Mile Svilar
joao-felix-sequeira,João Félix
francesco-acerbi,Francesco Acerbi
alessandro-ciranni,Alessandro Ciranni
danilo-luiz-da-silva,Danilo
francis-coquelin,Francis Coquelin
kevin-malcuit,Kévin Malcuit
paolo-duval-goltz,Paolo Goltz
victor-james-osimhen,Victor Osimhen
alvaro-gonzalez-soberon,Álvaro González
dieumerci-mbokani-bezua,Dieumerci Mbokani
ahmadou-bamba-dia,Ahmadou Dia
jelle-vossen,Jelle Vossen
hans-vanaken,Hans Vanaken
jordan-loties,Jordan Lotiès
noe-dussenne,Noë Dussenne
mergim-vojvoda,Mërgim Vojvoda
leo-dubois,Léo Dubois
sindrit-guri,Sindrit Guri
bilal-benkhedim,Bilal Benkhedim
mehdi-carcela-gonzalez,Mehdi Carcela
mike-vanhamel,Mike Vanhamel
ilya-gaponov,Ilya Gaponov
mark-noble,Mark Noble
alvaro-borja-morata-martin,Álvaro Morata
sven-kums,Sven Kums
selim-amallah,Selim Amallah
ciro-immobile,Ciro Immobile
goran-milovic,Goran Milović
jose-miguel-da-rocha-fonte,José Fonte
andres-mateus-uribe-villa,Mateus Uribe
etienne-green,Etienne Green
clinton-mua-n-jie,Clinton N'Jie
konstantin-kuchaev,Konstantin Kuchaev
pau-lopez-sabata,Pau López
lior-refaelov,Lior Refaelov
romario-manuel-silva-baro,Romário Baró
andreas-samaris,Andreas Samaris
carlos-vinicius-alves-morais,Carlos
felipe-salvador-caicedo-corozo,Felipe Caicedo
alex-meret,Alex Meret
francisco-leonel-lima-silva-machado,Chiquinho
charles-traore,Charles Traoré
ferran-torres-garcia,Ferrán Torres
matija-nastasic,Matija Nastasić
francis-amuzu,Francis Amuzu
aurelio-gabriel-ulineia-buta,Buta
jordan-veretout,Jordan Veretout
sven-bender,Sven Bender
olivier-deman,Olivier Deman
clinton-mukoni-mata-pedro-lourenco,Clinton Mata
theo-defourny,Théo Defourny
nurio-domingos-matias-fortuna,Nurio Fortuna
mats-rits,Mats Rits
jovane-eduardo-borges-cabral,Jovane Cabral
lucas-rougeaux,Lucas Rougeaux
luciano-vietto,Luciano Vietto
aleksandr-selikhov,Aleksandr Selikhov
kaveh-rezaei,Kaveh Rezaei
luis-carlos-novo-neto,Neto
mario-rui-silva-duarte,Mário Rui
ayrton-mboko,Ayrton Mboko
vadis-odjidja-ofoe,Vadis Odjidja-Ofoe
jenthe-maertens,Jenthe Mertens
jessy-moulin,Jessy Moulin
ivan-ordets,Ivan Ordets
pape-habib-gueye,Habib Guèye
zaydou-youssouf,Zaydou Youssouf
cheikh-ahmet-tidian-niasse,Cheikh Niasse
jonathan-david,Jonathan David
junior-udeme-pius,Junior Pius
ilombe-mboyo,Ilombé Mboyo
marc-bartra-aregall,Marc Bartra
tobe-leysen,Tobe Leysen
valentin-rongier,Valentin Rongier
aaron-cresswell,Aaron Cresswell
aldom-deuro,Aldom Deuro
duje-caleta-car,Duje Ćaleta-Car
damien-marcq,Damien Marcq
bas-van-den-eynden,Bas Van den Eynden
zelimkhan-bakaev,Zelimkhan Bakaev
leonardo-cesar-jardim,Leo Jardim
ivan-marcano-sierra,Ivan Marcano
abdoulaye-sissako,Abdoulaye Sissako
landry-nany-dimata,Landry Dimata
joakim-maehle,Joakim Mæhle
lucas-matias-licht,Lucas Licht
jasper-cillessen,Jasper Cillessen
jonathan-bamba,Jonathan Bamba
arjan-swinkels,Arjan Swinkels
dimitri-payet,Dimitri Payet
kai-havertz,Kai Havertz
dennis-appiah,Dennis Appiah
thomas-van-den-keybus,Thomas Van den Keybus
daniel-schmidt,Daniel Schmidt
nicolas-pallois,Nicolas Pallois
marcelo-antonio-guedes-filho,Marcelo
sami-khedira,Sami Khedira
silas-gnaka,Silas Gnaka
yohann-pele,Yohann Pelé
jordan-amavi,Jordan Amavi
sofiane-bouzian-hassan,Sofiane Bouzian
benjamin-van-durmen,Benjamin Van Durmen
abdoul-karim-dante,Abdoul Dante
elias-cobbaut,Elias Cobbaut
gabriel-dos-santos-magalhaes,Gabriel
stefan-savic-1991-01-08,Stefan Savić
fabrice-olinga-essono,Fabrice Olinga
eduard-sobol,Eduard Sobol
cristophe-diandy,Cristophe Diandy
cheick-souare,Cheick Souare
mats-moller-daehli,Mats Dæhli
jose-luis-gaya-pena,Gayà
konstantinos-manolas,Konstantinos Manolas
martin-hongla,Martin Hongla
matias-agustin-silvestre,Matías Silvestre
antonio-mirante,Antonio Mirante
junya-ito,Junya Ito
jhon-janer-lucumi-bonilla,Jhon Lucumí
michiel-jonckheere,Michiel Jonckheere
jean-emile-junior-onana-onana,Jean Onana
saad-agouzoul,Saad Agouzoul
nanitamo-jonathan-ikone,Jonathan Ikoné
aster-vranckx,Aster Vranckx
moussa-diaby,Moussa Diaby
dylan-de-belder,Dylan De Belder
amine-benchaib,Amine Benchaib
yohan-boli,Yohan Boli
victor-hugo-ayala-nunez,Víctor Ayala
fernando-marcal-de-oliveira,Fernando Marçal
alex-sandro-lobo-silva,Alex Sandro
marcus-schubert,Markus Schubert
viktor-kovalenko,Viktor Kovalenko
yuma-suzuki,Yuma Suzuki
jarrod-bowen,Jarrod Bowen
sinan-bolat,Sinan Bolat
david-ospina-ramirez,David Ospina
merih-demiral,Merih Demiral
terem-igobor-moffi,Terem Moffi
steve-mandanda,Steve Mandanda
ilzat-akhmetov,Ilzat Akhmetov
gonzalo-jordy-plata-jimenez,Gonzalo Plata
alejandro-moreno-lopera,Álex Moreno
david-hubert,David Hubert
jean-butez,Jean Butez
gabriel-appelt-pires,Gabriel
saido-berahino,Saido Berahino
arkadiusz-milik,Arkadiusz Milik
jhonny-lucas-flora-barboza,Jhonny Lucas
frank-boya,Frank Boya
siebe-schrijvers,Siebe Schrijvers
ilya-golosov,Ilya Golosov
ludovic-blas,Ludovic Blas
batista-mendy,Batista Mendy
german-guiffrey,Germán Guiffrey
fabio-daniel-soares-silva,Fábio Silva
mykola-matviyenko,Mykola Matviyenko
moussa-sissako,Moussa Sissako
luiz-felipe-ramos-marchi,Luiz Felipe
yannick-aguemon,Yannick Aguemon
gabriel-moises-antunes-da-silva,Gabriel Silva
morgan-sanson,Morgan Sanson
paulo-henrique-sampaio-filho,Paulinho
vadim-karpov,Vadim Karpov
richecard-richard,Richecard Richard
anton-shunin,Anton Shunin
piotr-zielinski,Piotr Zieliński
milad-mohammadi,Milad Mohammadi
carlos-apna-embalo,Carlos Embalo
diego-lainez-leyva,Diego Lainez
lucas-pirard,Lucas Pirard
dario-ismael-benedetto,Darío Benedetto
adrien-trebel,Adrien Trebel
jeremy-taravel,Jérémy Taravel
jeremy-doku,Jeremy Doku
ritchie-de-laet,Ritchie De Laet
konan-ignace-jocelyn-n-dri,Konan Jocelyn
lukasz-fabianski,Łukasz Fabiański
alexander-sobolev,Alexander Sobolev
abdoulaye-seck,Abdoulaye Seck
hendrik-van-crombrugge,Hendrik Van Crombrugge
igor-leshchuk,Igor Leshchuk
bobby-adekanye,Bobby Adekanye
jordy-schelfhout,Jordy Schelfhout
nick-gillekens,Nick Gillekens
joao-natailton-ramos-dos-santos,Joãozinho
diego-da-silva-costa,Diego Costa
aleix-garcia-serrano,Aleix García
arnaud-nordin,Arnaud Nordin
maycon-de-andrade-barberan,Maycon
abdul-ajagun,Abdul Ajagun
lucas-perrin,Lucas Perrin
aaron-ramsey,Aaron Ramsey
amadou-diawara,Amadou Diawara
din-sula,Din Sula
pol-garcia-tena,Pol García
ryo-ishii,Ryo Ishii
kossonou-odilon,Kossonou Odilon
frank-boeckx,Frank Boeckx
maciej-rybus,Maciej Rybus
tomas-lago-pontes-esteves,Tomás Esteves
kristian-thorstvedt,Kristian Thorstvedt
blaise-matuidi,Blaise Matuidi
laurent-depoitre,Laurent Depoitre
georgiy-dzhikiya,Georgiy Dzhikiya
charles-nathan-abi,Charles Abi
gaetan-coucke,Gaëtan Coucke
ryan-fredericks,Ryan Fredericks
yannick-bolasie-yala,Yannick Bolasie
siebren-lathouwers,Siebren Lathouwers
joachim-andersen,Joachim Andersen
guido-burgstaller,Guido Burgstaller
ivan-oblyakov,Ivan Oblyakov
luis-manuel-arantes-maximiano,Luís Maximiano
yusuf-yazici,Yusuf Yazıcı
mamadou-fall,Mamadou Fall
carlos-joaquin-correa,Joaquín Correa
brent-gabriel,Brent Gabriel
louis-bostyn,Louis Bostyn
moses-daddy-simon,Moses Simon
jonathan-tah,Jonathan Tah
suat-serdar,Suat Serdar
massimo-bruno,Massimo Bruno
carlos-eccehomo-cuesta-figueroa,Carlos Cuesta
onur-kaya,Onur Kaya
anthony-lopes,Anthony Lopes
gustav-engvall,Gustav Engvall
aaron-kamardin,Aaron Kamardin
nikolay-komlichenko,Nikolay Komlichenko
thomas-lemar,Thomas Lemar
issa-diop,Issa Diop
chancel-mbemba-mangulu,Chancel Mbemba
carlo-pinsoglio,Carlo Pinsoglio
wendell-nascimento-borges,Wendell
mehmet-zeki-celik,Zeki Çelik
ortwin-de-wolf,Ortwin De Wolf
simon-brady-ngapandouetnbu,Simon Ngapandouetnbu
stef-peeters,Stef Peeters
luis-miguel-afonso-fernandes,Pizzi
wesley-fofana,Wesley Fofana
angelo-obinze-ogbonna,Angelo Ogbonna
diogo-filipe-monteiro-pinto-leite,Diogo Leite
eljif-elmas,Eljif Elmas
ognjen-vranjes,Ognjen Vranješ
cyriel-dessers,Cyriel Dessers
geoffrey-kondogbia,Geoffrey Kondogbia
jose-maria-gimenez-de-vargas,José Giménez
alex-kral,Alex Král
felipe-augusto-de-almeida-monteiro,Felipe
joren-dom,Joren Dom
jores-rahou,Jores Rahou
senna-miangue,Senna Miangue
roman-tugarev,Roman Tugarev
bruny-nsimba,Bruny Nsimba
hordur-bjorgvin-magnusson,Hörður Magnússon
adil-aouchiche,Adil Aouchiche
ilya-shkurin,Ilya Shkurin
eliaquim-mangala,Eliaquim Mangala
niklo-dailly,Niklo Dailly
douglas-costa-de-souza,Douglas Costa
giovanni-di-lorenzo,Giovanni Di Lorenzo
vitali-lisakovich,Vitali Lisakovich
jens-cools,Jens Cools
eduardo-henrique-da-silva,Eduardo Henrique
aleksandr-kokorin,Aleksandr Kokorin
antonio-adan-garrido,Adán
jules-van-cleemput,Jules Van Cleemput
joaquin-sanchez-rodriguez,Joaquín
dmitri-markitesov,Dmitri Markitesov
grigori-morozov,Grigori Morozov
marco-ilaimaharitra,Marco Ilaimaharitra
alexandre-ippolito,Alexandre Ippolito
dimitri-joseph-oberlin-mfomo,Dimitri Oberlin
michail-antonio,Michail Antonio
joris-kayembe-ditu,Joris Kayembe
roman-bezus,Roman Bezus
goncalo-manuel-ganchinho-guedes,Gonçalo Guedes
agim-zeka,Agim Zeka
ayrton-lucas-dantas-de-medeiros,Ayrton
mbwana-ally-samatta,Mbwana Samatta
bridge-ndilu,Bridge Ndilu
daniel-cerantola-fuzato,Daniel Fuzato
yohan-croizet,Yohan Croizet
denis-vavro,Denis Vavro
bryan-heynen,Bryan Heynen
melvin-bard,Melvin Bard
oleksandr-pikhalyonok,Oleksandr Pikhalyonok
jeremy-perbet,Jérémy Perbet
mamadou-jean-luc-diarra-dompe,Jean-Luc Dompé
jordi-mboula-queralt,Jordi Mboula
david-jose-gomes-oliveira-tavares,David Tavares
adam-marusic,Adam Marušić
lois-diony,Loïs Diony
bruno-godeau,Bruno Godeau
pavel-maslov,Pavel Maslov
alexis-saelemaekers,Alexis Saelemaekers
faiz-selemani,Faïz Selemani
giorgi-chakvetadze,Giorgi Chakvetadze
anton-ciprian-tataru-anu,Ciprian Tătărușanu
kalifa-coulibaly,Kalifa Coulibaly
marcos-llorente-moreno,Marcos Llorente
miguel-angel-trauco-saavedra,Miguel Trauco
tomas-soucek,Tomáš Souček
maarten-vandevoordt,Maarten Vandevoordt
hiroki-sakai,Hiroki Sakai
federico-bernardeschi,Federico Bernardeschi
olivier-deschacht,Olivier Deschacht
karim-bellarabi,Karim Bellarabi
igor-shkolik,Igor Shkolik
yannick-ferreira-carrasco,Yannick Carrasco
william-togui,William Togui
daam-foulon,Daam Foulon
dmitri-rybchinskiy,Dmitri Rybchinsky
stefan-daniel-radu,Ştefan Radu
giorgio-chiellini,Giorgio Chiellini
sammy-bossut,Sammy Bossut
damjan-pavlovic,Damjan Pavlovic
kerem-demirbay,Kerem Demirbay
diego-perotti,Diego Perotti
warleson-stellion-lisboa-oliveira,Warleson
thomas-kaminski,Thomas Kaminski
josue-homawoo,Josué Homawoo
konstantin-rausch,Konstantin Rausch
renan-ribeiro,Renan Ribeiro
goncalo-bento-soares-cardoso,Gonçalo Cardoso
dimitri-mohamed,Dimitri Mohamed
peter-zulj,Peter Zulj
matias-augusto-perez-garcia,Matías Pérez García
bruno-guimaraes-rodriguez-moura,Bruno Guimarães
sergio-canales-madrazo,Canales
benjamin-johnson,Benjamin Johnson
bruno-ferreira-bonfim,Dentinho
florentino-ibrain-morris-luis,Florentino Luís
oumar-solet-bomawoko,Oumar Solet Bomawoko
derrick-luckassen,Derrick Luckassen
ryad-boudebouz,Ryad Boudebouz
felipe-micael-tenorio-menezes,Felipe
fabian-cornelio-balbuena-gonzalez,Fabián Balbuena
jeremy-pied,Jérémy Pied
alimami-gory,Alimami Gory
taras-stepanenko,Taras Stepanenko
laurent-henkinet,Laurent Henkinet
memphis-depay,Memphis Depay
matheo-vroman,Mathéo Vroman
samy-mmaee-a-nwambeben,Samy Mmaee
vladimir-rykov,Vladimir Rykov
brecht-capon,Brecht Capon
anton-tanghe,Anton Tanghe
reinildo-isnard-mandava,Reinildo
kemar-roofe,Kemar Roofe
anthony-descotte,Anthony Descotte
patrik-hrosovsky,Patrik Hrošovský
timon-wellenreuther,Timon Wellenreuther
imad-faraj,Imad Faraj
amara-baby,Amara Baby
alessio-castro-montes,Alessio Castro-Montes
mikhail-lysov,Mikhail Lysov
matthias-verreth,Matthias Verreth
rik-vercauteren,Rik Vercauteren
joachim-imbrechts,Joachim Imbrechts
nikolay-titkov,Nikolay Titkov
aluisio-chaves-ribeiro-moraes-junior,Júnior Moraes
isaac-lihadji,Isaac Lihadji
ahmed-kutucu,Ahmed Kutucu
viktor-vasin,Viktor Vasin
kenny-steppe,Kenny Steppe
thomas-teye-partey,Thomas Partey
michel-ange-balikwisha,Michel Balikwisha
john-mayanga-nekadio,John Nekadio
nassim-ahmed,Nassim Ahmed
oleksiy-shevchenko,Oleksiy Shevchenko
nikolay-rasskazov,Nikolay Rasskazov
eric-junior-bocat,Eric Bocat
jordy-gillekens,Jordy Gillekens
miguel-van-damme,Miguel Van Damme
jean-clair-todibo,Jean-Clair Todibo
nuno-albertino-varela-tavares,Nuno Tavares
danny-vukovic,Danny Vuković
kevin-gameiro,Kevin Gameiro
kylian-hazard,Kylian Hazard
lassana-coulibaly-1996-04-10,Lassana Coulibaly
santiago-arias-naranjo,Santiago Arias
dmitri-barinov,Dmitri Barinov
daniil-fomin,Daniil Fomin
faouzi-ghoulam,Faouzi Ghoulam
ignace-van-der-brempt,Ignace Brempt
arthur-masuaku,Arthur Masuaku
mathieu-debuchy,Mathieu Debuchy
oston-o-runov,Oston Urunov
michael-gregoritsch,Michael Gregoritsch
renaud-emond,Renaud Emond
daan-vekemans,Daan Vekemans
gaetan-hendrickx,Gaëtan Hendrickx
maxime-lopez,Maxime Lopez
geoffry-hairemans,Geoffry Hairemans
dylan-batubinsika,Dylan Batubinsika
pape-gueye,Pape Gueye
joseph-efford,Joseph Efford
hamza-masoudi,Hamza Masoudi
bryan-limbombe,Bryan Limbombe
michael-amir-murillo-bermudez,Michael Murillo
vitor-machado-ferreira,Vitor Ferreira
charles-mariano-aranguiz-sandoval,Charles Aránguiz
jose-antonio-paradela,José Paradela
birger-verstraete,Birger Verstraete
luete-ava-dongo,Luete Dongo
konstantin-maradishvili,Konstantin Maradishvili
dragan-lausberg,Dragan Lausberg
kevin-vandendriessche,Kévin Vandendriessche
marco-burki,Marco Bürki
steve-de-ridder,Steve De Ridder
nick-shinton,Nick Shinton
jorge-filipe-avelino-teixeira,Jorge Teixeira
rifat-zhemaletdinov,Rifat Zhemaletdinov
leonardo-spinazzola,Leonardo Spinazzola
louis-verstraete,Louis Verstraete
alan-patrick-lourenco,Alan Patrick
ken-nkuba-tshiend,Ken Tshiend
stephane-ruffier,Stéphane Ruffier
arthur-henrique-ramos-de-oliveira-melo,Arthur
maxim-de-cuyper,Maxim De Cuyper
djihad-bizimana,Djihad Bizimana
nelson-federico-insfran,Nelson Insfrán
adam-jakubech,Adam Jakubech
killian-sardella,Killian Sardella
jean-lucas-de-souza-oliveira,Jean Lucas
ismaily-goncalves-dos-santos,Ismaily
daniel-caligiuri,Daniel Caligiuri
eric-ivan-jesus-ramirez,Eric Ramírez
andrew-hjulsager,Andrew Hjulsager
lambert-boris,Lambert Boris
dmitri-skopintsev,Dmitri Skopintsev
william-owusu-acheampong,William Owusu
sandy-walsh,Sandy Walsh
charles-kabore,Charles Kaboré
marko-bakic,Marko Bakić
arne-cassaert,Arne Cassaert
steeven-willems,Steeven Willems
antoine-colassin,Antoine Colassin
vitor-eduardo-da-silva-matos,Vitão
domilson-cordeiro-dos-santos,Dodô
yvan-neyou-noupa,Yvan Neyou
dylan-mbayo,Dylan Mbayo
marco-parolo,Marco Parolo
anatolii-trubin,Anatolii Trubin
marcos-robson-cipriano,Marcos Cipriano
kevin-monnet-paquet,Kévin Monnet-Paquet
marlos-romero-bonfim,Marlos
cameron-humphreys,Cameron Humphreys
nikita-kotin,Nikita Kotin
daley-sinkgraven,Daley Sinkgraven
murilo-cerqueira-paim,Murilo Cerqueira
dino-arslanagic,Dino Arslanagic
nayair-tiknizyan,Nayair Tiknizyan
knowledge-musona,Knowledge Musona
jonathan-rodriguez-menendez,Jony
luiz-de-araujo-guimaraes-neto,Luiz Araujo
kevin-strootman,Kevin Strootman
andriy-yarmolenko,Andriy Yarmolenko
darren-randolph,Darren Randolph
burak-yilmaz-1985-07-15,Burak Yılmaz
koji-miyoshi,Koji Miyoshi
mehdi-abeid,Mehdi Abeid
pablo-fornals-malla,Pablo Fornals
nikos-kainourgios,Nikos Kainourgios
danilo-luis-helio-pereira,Danilo Pereira
siemen-voet,Siemen Voet
benjamin-andre,Benjamin André
naomichi-ueda,Naomichi Ueda
anthony-racioppi,Anthony Racioppi
omar-nicolas-govea-garcia,Omar Govea
haris-seferovic,Haris Seferović
lucas-chevalier,Lucas Chevalier
cengiz-under,Cengiz Ünder
lucas-bijker,Lucas Bijker
chris-durkin,Chris Durkin
thomas-didillon,Thomas Didillon
hirving-rodrigo-lozano-bahena,Hirving Lozano
issa-kabore,Issa Kabore
andrey-eshchenko,Andrey Eshchenko
menno-koch,Menno Koch
justin-kluivert,Justin Kluivert
matej-mitrovic,Matej Mitrović
brendan-hines-ike,Brendan Hines-Ike
frederik-jakel,Frederik Jäkel
zaurbek-pliev,Zaurbek Pliev
alexander-corryn,Alexander Corryn
anderson-degbole-niangbo,Anderson Niangbo
tiago-abiola-delfim-almeida-ilori,Tiago Ilori
adrian-san-miguel-del-castillo,Adrián
rafael-euclides-soares-camacho,Rafael Camacho
beni-badibanga,Beni Badibanga
mikael-soisalo,Mikael Soisalo
roli-pereira-de-sa,Roli Pereira de Sa
anton-miranchuk,Anton Miranchuk
eric-ocansey,Eric Ocansey
gjoko-zajkov,Gjoko Zajkov
ibrahima-cisse-2001-02-15,Ibrahima Cissé
yvann-macon,Yvann Maçon
anthony-limbombe-ekango,Anthony Limbombe
simen-kristiansen-juklerod,Simen Juklerød
jere-uronen,Jere Uronen
ewoud-pletinckx,Ewoud Pletinckx
emmanuel-sowah-adjei,Emmanuel Sowah Adjei
duckens-nazon,Duckens Nazon
lucas-ramon-barrios-caceres,Lucas Barrios
sebastian-coates-nion,Sebastián Coates
jack-wilshere,Jack Wilshere
domagoj-bradaric,Domagoj Bradarić
bram-castro,Bram Castro
jardel-nivaldo-vieira,Jardel
babacar-dione,Babacar Dione
benoit-poulain,Benoît Poulain
leandro-nicolas-contin,Leandro Contín
yari-verschaeren,Yari Verschaeren
stanislav-magkeev,Stanislav Magkeev
wout-faes,Wout Faes
sheldon-bateau,Sheldon Bateau
deni-hocko,Deni Hočko
jordi-amat-maas,Jordi Amat
benedikt-howedes,Benedikt Höwedes
victor-machin-perez,Vitolo
sander-coopman,Sander Coopman
mamadou-obbi-oulare,Obbi Oularé
bassem-srarfi,Bassem Srarfi
idrissa-sylla,Idrissa Sylla
youssouph-mamadou-badji,Youssouph Badji
felipe-nicolas-avenatti-dovillabichus,Felipe Avenatti
stan-van-dessel,Stan Van Dessel
daniele-rugani,Daniele Rugani
merveille-goblet,Merveille Goblet
jur-schrijvers,Jur Schrijvers
roman-yaremchuk,Roman Yaremchuk
flavio-german-ciampichetti,Flavio Ciampichetti
nelson-balongo,Nelson Balongo
aleksandr-maksimenko-1996-03-22,Aleksandr Maksimenko
hannes-van-der-bruggen,Hannes Van der Bruggen
martin-terrier,Martin Terrier
declan-rice,Declan Rice
dante-vanzeir,Dante Vanzeir
cristian-alexis-borja-gonzalez,Cristián Borja
pedro-chirivella-burgos,Pedro Chirivella
idrissa-doumbia,Idrissa Doumbia
stefan-ristovski-1992-02-12,Stefan Ristovski
guillaume-gillet,Guillaume Gillet
dejan-joveljic,Dejan Joveljić
zarko-tomasevic,Žarko Tomašević
serge-philippe-raux-yao,Serge-Philippe Raux-Yao
alexander-nubel,Alexander Nübel
kirill-nababkin,Kirill Nababkin
amadou-sagna,Amadou Sagna
patricio-gabarron-gil,Patric
jose-luis-mendes-andrade,Zé Luís
paul-fadiala-keita,Paul Keita
aissa-mandi,Aïssa Mandi
yoann-etienne,Yoann Etienne
david-henen,David Henen
niklas-dorsch,Niklas Dorsch
aleksandar-dragovic,Aleksandar Dragović
egor-nazaryna,Egor Nazaryna
ilya-kutepov,Ilya Kutepov
benjamin-nygren,Benjamin Nygren
facundo-colidio,Facundo Colidio
federico-ricca-rostagnol,Federico Ricca
manuel-lanzini,Manuel Lanzini
seung-woo-lee,Lee Seung-Woo
pierre-dwomoh,Pierre Dwomoh
rodrigo-andres-battaglia,Rodrigo Battaglia
mikael-lustig,Mikael Lustig
jaume-domenech-sanchez,Jaume Doménech
adel-taarabt,Adel Taarabt
aboubakar-keita,Aboubakar Keita
taison-barcellos-freda,Taison
boubakary-soumare,Boubakary Soumaré
lillo-guarneri,Lillo Guarneri
denzel-jubitana,Denzel Jubitana
marley-ake,Marley Ake
francisco-das-chagas-soares-dos-santos,Tiquinho
duje-cop,Duje Čop
vyacheslav-grulev,Vyacheslav Grulev
tiago-emanuel-embalo-djalo,Tiago Djaló
luiz-phellype-luciano-silva,Luiz Phellype
aleksandr-kolomeytsev,Aleksandr Kolomeytsev
leon-bailey-butler,Leon Bailey
percy-tau,Percy Tau
omid-ebrahimi,Omid Ebrahimi
loris-brogno,Loris Brogno
dylan-ouedraogo,Dylan Ouedraogo
valerii-bondar,Valerii Bondar
jeff-reine-adelaide,Jeff Reine-Adélaïde
ethan-horvath,Ethan Horvath
mahdi-camara,Mahdi Camara
fraser-hornby,Fraser Hornby
wahbi-khazri,Wahbi Khazri
dino-hotic,Dino Hotič
miguel-angelo-da-silva-rocha,Xeka
yves-de-winter,Yves De Winter
joao-pedro-neves-filipe,Jota
jordan-zacharie-lukaku-menama-mokelenge,Jordan Lukaku
thomas-basila,Thomas Basila
jean-charles-castelletto,Jean-Charles Castelletto
michael-krmencik,Michael Krmenčík
joao-mario-naval-da-costa-eduardo,João Mário
ilias-takidine,Ilias Takidine
artem-rebrov,Artem Rebrov
nicolo-zaniolo,Nicolò Zaniolo
kevin-wimmer,Kevin Wimmer
nassim-boujellab,Nassim Boujellab
roger-ibanez-da-silva,Ibañez
youssouf-kone,Youssouf Koné
anouar-ait-el-hadj,Anouar El Hadj
lucas-tousart,Lucas Tousart
stefan-bajic,Stefan Bajic
petar-golubovic,Petar Golubović
joachim-carcela-gonzalez,Joachim Carcela-Gonzalez
abdallah-ali-mohamed,Abdallah Ali Mohamed
ezequiel-marcelo-garay,Ezequiel Garay
ugo-bertelli,Ugo Bertelli
nail-umyarov,Nail Umyarov
stallone-limbombe,Stallone Limbombe
wilson-migueis-manafa-janco,Wilson Manafá
alexandre-phliponeau,Alexandre Phliponeau
wim-vanmarsenille,Wim Vanmarsenille
jonathan-heris,Jonathan Heris
sibiry-keita,Sibiry Keita
ruben-sobrino-pozuelo,Rubén Sobrino
indy-boonen,Indy Boonen
eugenio-pizzuto-puga,Eugenio Pizzuto
gilles-dewaele,Gilles Dewaele
jelle-bataille,Jelle Bataille
nils-schouterden,Nils Schouterden
senne-lammens,Senne Lammens
hannes-delcroix,Hannes Delcroix
casper-de-norre,Casper De Norre
marciano-aziz,Marciano Aziz
florian-chabrolle,Florian Chabrolle
andrija-vukcevic,Andrija Vukčević
abdoulaye-toure-1994-03-03,Abdoulaye Touré
serge-tabekou,Serge Tabekou
saif-eddine-khaoui,Saîf-Eddine Khaoui
vladislav-karapuzov,Vladislav Karapuzov
jean-marco-toualy-die,Jean Toualy Dié
mory-konate,Mory Konate
eike-bansen,Eike Bansen
dries-wuytens,Dries Wuytens
bill-lathouwers,Bill Lathouwers
jose-maria-callejon-bueno,José Callejón
razvan-gabriel-marin,Răzvan Marin
arthur-theate,Arthur Theate
ivan-santini,Ivan Santini
marko-kvasina,Marko Kvasina
kleper-laveran-lima-ferreira,Pepe
maxim-de-man,Maxim De Man
jonathan-buatu-mananga,Jonathan Buatu
cristian-benavente-bristol,Cristian Benavente
denis-petric,Denis Petrić
colin-coosemans,Colin Coosemans
ramazan-ozcan,Ramazan Özcan
miguel-mariz-luis,Miguel Luís
remy-descamps,Rémy Descamps
elias-sierra,Elias Sierra
bryan-cristante,Bryan Cristante
carles-perez-sayol,Carles Pérez
leandro-trossard,Leandro Trossard
maxence-caqueret,Maxence Caqueret
jannes-van-hecke,Jannes Van Hecke
mitchell-weiser,Mitchell Weiser
kang-in-lee,Kang-In Lee
jordi-vanlerberghe,Jordi Vanlerberghe
sigurd-rosted,Sigurd Rosted
aleksandar-boljevic,Aleksandar Boljević
ivan-saponjic,Ivan Šaponjić
ivo-tiago-dos-santos-rodrigues,Ivo Rodrigues
sergiy-bolbat,Sergiy Bolbat
lucas-nicolas-alario,Lucas Alario
manuel-lazzari,Manuel Lazzari
hector-miguel-herrera-lopez,Héctor Herrera
andy-carroll,Andy Carroll
diego-armando-maradona,Diego Maradona
tyron-ivanof,Tyron Ivanof
gianluca-mancini,Gianluca Mancini
thibault-de-smet,Thibault De Smet
alexis-de-sart,Alexis De Sart
stipe-perica,Stipe Perica
jens-teunckens,Jens Teunckens
sergei-parshivlyuk,Sergei Parshivlyuk
andriy-pyatov,Andriy Pyatov
ante-palaversa,Ante Palaversa
yuta-toyokawa,Yuta Toyokawa
pierre-bourdin,Pierre Bourdin
rabbi-matondo,Rabbi Matondo
andre-gomes-magalhaes-de-almeida,André Almeida
jaume-vicent-costa-jorda,Jaume Costa
molla-wague,Molla Wagué
antoine-lejoly,Antoine Lejoly
elie-youan,Elie Youan
amin-younes,Amin Younes
nick-batzner,Nick Bätzner
daniil-kulikov,Daniil Kulikov
in-sung-kim,Kim In-Sung
jea-ho-lee,Lee Je-Ho
douglas-francisco-martinez-juarez,Douglas Martìnez
manabu-saito,Manabu Saito
kazuki-kushibiki,Kazuki Kushibiki
kosuke-onose,Kosuke Onose
diego-queiroz-de-oliveira,Diego Oliveira
diego-ivan-rubio-kostner,Diego Rubio
jong-sung-lee,Lee Jong-Sung
diego-ferney-chara-zamora,Diego Chará
michael-david-barrios-puerta,Michael Barrios
warren-creavalle,Warren Creavalle
genta-miura,Genta Miura
woo-hyuk-lee,Lee Woo-Hyeok
min-tae-kim,KIM Min Tae 
haruhiko-takimoto,Haruhiko Takimoto
chang-rae-ha,Ha Chang-Rae
matt-hedges,Matt Hedges
david-jensen,David Jensen
kazunori-yoshimoto,Kazunori Yoshimoto
joon-ho-song,Song Joon-Ho
joseph-scally,Joseph Scally
jin-beom-an,An Jin-Beom
daiki-tomii,Daiki Tomii
kento-misao,Kento Misao
keiya-sento,Keiya Sento
hirotsugu-nakabayashi,Hirotsugu Nakabayashi
felipe-de-sousa-silva,Felipe
eriq-zavaleta,Eriq Zavaleta
jakub-slowik,Jakub Slowik
ryo-takano,Ryo Takano
miki-yamane,Miki Yamane
larrys-mabiala-destin,Larrys Mabiala
min-geol-woo,Woo Min-Geol
jeong-ho-kim,Kim Jeong-Ho
stefan-mugosa,Stefan Mugoša
cesar-fernando-silva-dos-santos,Cesinha
dairon-estibens-asprilla-rivas,Dairon Asprilla
julian-gressel,Julian Gressel
daigo-nishi,Daigo Nishi
woo-seok-kim,Kim Woo-Seok
sosuke-shibata,Sosuke Shibata
bryan-reynolds,Bryan Reynolds
jeong-su-park,Park Jeong-su
sang-min-yang,Yang Sang-Min
chang-min-ahn,Ahn Chang-Min
pil-soo-choi,Choi Pil-Soo
yuki-ohashi,Yuki Ohashi
thomas-vermaelen,Thomas Vermaelen
perry-kitchen,Perry Kitchen
maximiliano-nicol-moralez,Maximiliano Moralez
alexander-buttner,Alexander Büttner
carlos-alberto-vela-garrido,Carlos Vela
yoshihiro-nakano,Yoshihiro Nakano
ryohei-yamazaki,Ryohei Yamazaki
kenta-ito,Kenta Ito
danny-wilson,Danny Wilson
ho-seok-lee,Lee Ho-Seok
jin-su-kim,Kim Jin-Su
sulejman-krpic,Sulejman Krpić
won-chang-choi,Choi Won-Chang
kenyu-sugimoto,Kenyu Sugimoto
alejandro-pozuelo-melero,Pozuelo
toshiyuki-takagi,Toshiyuki Takagi
seung-gyeom-lim,Im Seung-Kyum
danny-hoesen,Danny Hoesen
arthur-silva-feitoza,Arthur Silva
pung-yeon-lee,Lee Pung-Yeon
jonathan-rey-bornstein,Jonathan Bornstein
shu-mogi,Shu Mogi
oswaldo-alanis-pantoja,Oswaldo Alanís
mason-stajduhar,Mason Stajduhar
stefan-frei,Stefan Frei
everaldo-stum,Everaldo
jae-young-choi,Choi Jae-Young
shogo-nakahara,Shogo Nakahara
carles-gil-de-pareja-vicent,Carles Gil
dave-bulthuis,Dave Bulthuis
hiroki-fujiharu,Hiroki Fujiharu
dong-jin-kim,Kim Dong-Jin
kengo-kitazume,Kengo Kitazume
andre-shinyashiki,Andre Shinyashiki
tsukasa-morishima,Tsukasa Morishima
tatsuki-seko,Tatsuki Seko
tomoya-inukai,Tomoya Inukai
matias-pellegrini-2000-03-11,Matías Pellegrini
shingo-tomita,Shingo Tomita
raul-mario-ruidiaz-misitich,Raúl Ruidíaz
1992-03-10,Choi Oh-Back
hiromu-mitsumaru,Hiromu Mitsumaru
jin-ya-kim,Kim Jin-Ya
masaaki-higashiguchi,Masaaki Higashiguchi
shogo-taniguchi,Shogo Taniguchi
ji-hun-cho,Cho Ji-Hun
valentin-mariano-jose-castellanos-gimenez,Valentín Castellanos
kenta-nishizawa,Kenta Nishizawa
yuki-kobayashi,Yuki Kobayashi
chae-woon-kim,Kim Chae-Woon
fredy-henkyer-montero-munoz,Fredy Montero
bradley-wright-phillips,Bradley Wright-Phillips
tatsuya-morita,Tatsuya Morita
harrison-afful,Harrison Afful
doneil-henry,Doneil Henry
han-do-lee,Lee Han-Do
shu-kurata,Shu Kurata
ryota-aoki,Ryota Aoki
fanendo-adi,Fanendo Adi
chris-mavinga,Chris Mavinga
shota-fujio,Shota Fujio
takahiro-sekine,Takahiro Sekine
fabian-herbers,Fabian Herbers
everton-luiz-guimaraes-bilher,Everton Luiz
mauricio-ernesto-pereyra-antonini,Mauricio Pereyra
seung-ki-lee,Lee Seung-Gi
sang-min-lee-1995-05-02,Lee Sang-Min
tae-hwan-kim-1989-07-24,Kim Tae-Hwan
damien-rivera,Damien Rivera
daiki-niwa,Daiki Niwa
taiyo-hama,Taiyo Hama
yuki-kusano,Yuki Kusano
sergio-henrique-santos-gomes,Sergio Santos
kenneth-tribbett,Kenneth Tribbett
shinzo-koroki,Shinzo Koroki
aleksandar-palocevic,Aleksandar Paločević
gabriel-augusto-xavier,Gabriel Xavier
je-un-yeon,Yeon Je-Woon
steven-birnbaum,Steven Birnbaum
joo-ho-park,Park Joo-Ho
beom-young-lee,Lee Bum-Young
kei-chinen,Kei Chinen
sung-keun-choi,Choi Sung-Geun
honoya-shoji,Honoya Shoji
han-min-jung,Jung Han-Min
ki-hun-yeom,Yeom Ki-Hun
diogo-mateus-de-almeida-rodrigues-maciel,Diogo Mateus
kota-miyamoto,Kota Miyamoto
griffin-dorsey,Griffin Dorsey
temma-matsuda,Temma Matsuda
yoshiaki-arai,Yoshiaki Arai
kento-haneda,Kento Haneda
yosuke-yuzawa,Yosuke Yuzawa
justin-portillo,Justin Portillo
eon-hak-ji,Ji Eon-Hak
benjamin-mines,Benjamin Mines
yusuke-maruhashi,Yusuke Maruhashi
keun-ho-lee,Lee Keun-Ho
takumi-nagaishi,Takumi Nagaishi
darlington-nagbe,Darlington Nagbe
jin-gyu-kim,Kim Jin-Kyu
diego-martin-rossi-marachlian,Diego Rossi
reto-ziegler,Reto Ziegler
jeong-hyeop-lee,Lee Jung-Hyub
hee-hoon-han,Han Hee-Hoon
yoo-seong-kim,Kim Yu-Sung
min-kyu-song,Song Min-Kyu
johan-kappelhof,Johan Kappelhof
haruya-fujii,Haruya Fujii
judson-silva-tavares,Judson
bo-seob-kim,Kim Bo-Sub
jason-davidson,Jason Davidson
shun-ayukawa,Shun Ayukawa
chung-yong-lee,Lee Chung-Yong
xavier-ricardo-arreaga-bermello,Xavier Arreaga
yu-kobayashi,Yu Kobayashi
tim-parker,Tim Parker
ho-in-lee,Lee Ho-In
francisco-javier-calvo-quesada,Francisco Calvo
seong-jun-kim,Kim Sung-Joon
keun-ho-lee-1996-05-21,Lee Keun-Ho
sergi-samper-montana,Sergi Samper
graham-smith,Graham Smith
edgar-eduardo-castillo-carrillo,Edgar Castillo
shunta-awaka,Shunta Awaka
james-sands,James Sands
yuto-iwasaki,Yuto Iwasaki
yusuke-kobayashi,Yusuke Kobayashi
beom-kyung-choi,Choi Bum-Kyung
clement-bayiha,Clement Bayiha
bum-keun-song,Song Bum-Keun
han-bin-yang,Yang Han-Been
stanislav-iljutcenko,Stanislav Iljutcenko
ikromjon-alibaev,Ikromjon Alibaev
takuma-ominami,Takuma Ominami
kiwara-miyazaki,Kiwara Miyazaki
jack-elliott,Jack Elliott
fumiya-unoki,Fumiya Unoki
jose-artur-de-lima-junior,Artur
david-bingham,David Bingham
michael-boxall,Michael Boxall
allan-enzo-cruz-leal,Allan Cruz
andrew-farrell,Andrew Farrell
thelonius-bair,Thelonius Bair
jacori-hayes,Jacori Hayes
mateus-dos-santos-castro,Mateus
dostonbek-tursunov,Dostonbek Tursunov
keisuke-osako,Keisuke Osako
riki-harakawa,Riki Harakawa
se-jin-jeon,Jeon Se-jin
seung-gyu-kim,Kim Seung Gyu
jeff-larentowicz,Jeff Larentowicz
kyung-won-kwon,Kwon Kyung-Won
paxton-pomykal,Paxton Pomykal
ike-opara,Ike Opara
kohei-okuno,Kohei Okuno
matheus-rossetto,Matheus Rossetto
ricardo-pepi,Ricardo Pepi
koji-hachisuka,Koji Hachisuka
jeremy-ebobisse,Jeremy Ebobisse
chae-min-lim,Lim Chae-Min
haruto-shirai,Haruto Shirai
sung-ryong-jung,Jung Sung-Ryong
hiroshi-kiyotake,Hiroshi Kiyotake
brian-white,Brian White
hyeon-mu-kang,Kang Hyeon-Mu
jozy-altidore,Jozy Altidore
hidetoshi-miyuki,Hidetoshi Miyuki
mao-hosoya,Mao Hosoya
yuta-koike,Yuta Koike
eloy-room,Eloy Room
kodai-dohi,Kodai Dohi
chang-geun-lee,Lee Chang-Geun
bjorn-maars-johnsen,Björn Johnsen
yushi-hasegawa,Yushi Hasegawa
daiki-kaneko,Daiki Kaneko
frederick-henry-kessler,Frederick Kessler
evan-bush,Evan Bush
john-nelson,John Nelson
derek-cornelius,Derek Cornelius
andre-rawls,Andre Rawls
georges-mukumbilwa,Georges Mukumbilwa
1993-01-17,Jeon Min-Gwang
tom-barlow,Tom Barlow
yool-heo,Heo Yool
tatsuya-tanaka,Tatsuya Tanaka
sean-johnson,Sean Johnson
jae-kwon-lee,Lee Jae-Kwon
gotoku-sakai,Gotoku Sakai
bill-tuiloma,Bill Tuiloma
jae-hun-park,Park Jae-Hun
mu-yeol-ko,Go Moo-Yol
justin-morrow,Justin Morrow
clement-diop-degoud,Clément Diop
chan-woong-lee,Lee Chan-Woong
bobby-shuttleworth,Bobby Shuttleworth
dominique-badji,Dominique Badji
amar-sejdic,Amar Sejdic
ren-shibamoto,Ren Shibamoto
yuji-rokutan,Yuji Rokutan
hayato-araki,Hayato Araki
dong-geon-no,No Dong-Geon
jeremiah-gutjahr,Jeremiah Gutjahr
tae-gon-kim,Kim Tae-Gon
simon-colyn,Simon Colyn
naoki-ishikawa,Naoki Ishikawa
brenden-aaronson,Brenden Aaronson
florian-valot,Florian Valot
makoto-okazaki,Makoto Okazaki
rod-fanni,Rod Fanni
quentin-westberg,Quentin Westberg
kazuhiko-chiba,Kazuhiko Chiba
won-ho-shin,Shin Won Ho
rashid-mahazi,Rashid Mahazi
chu-young-park,Park Chu-Young
nagi-matsumoto,Nagi Matsumoto
si-heon-lee,Lee Si-Heon
kosuke-ota,Kosuke Ota
ryoya-ogawa,Ryoya Ogawa
leandro-damiao-da-silva-dos-santos,Leandro Damião
pedro-david-gallese-quiroz,Pedro Gallese
przemyslaw-frankowski,Przemysław Frankowski
takashi-kanai,Takashi Kanai
kosei-shibasaki,Kosei Shibasaki
maikel-chang,Maikel Chang
sun-tae-kwoun,Kwoun Sun-Tae
jun-yub-kim,Kim Jun-Yub
hyun-cheol-jung,Jung Hyun-Cheol
yuta-higuchi,Yuta Higuchi
shunki-takahashi,Shunki Takahashi
franco-nicolas-escobar,Franco Escobar
hirofumi-yamauchi,Hirofumi Yamauchi
andrew-gutman,Andrew Gutman
joao-paulo-mior,João Paulo
osmar-ibanez-barba,Osmar
hotaru-yamaguchi,Hotaru Yamaguchi
yeon-soo-kim,Kim Yeon-Soo
gilbert-fuentes,Gilbert Fuentes
alan-winn,Alan Winn
jung-shin,Shin Jung
chris-odoi-atsem,Chris Odoi-Atsem
brian-rowe,Brian Rowe
kosei-tani,Kosei Tani
keita-nakamura,Keita Nakamura
yuki-kagawa,Yuki Kagawa
eddie-livington-segura-martinez,Eddie Segura
pablo-eduardo-sisniega-fink,Pablo Sisniega
jack-price,Jack Price
kazuki-kozuka,Kazuki Kozuka
bit-garam-yoon,Yoon Bit-Garam
jung-nam-hong,Hong Jung-Nam
riku-matsuda,Riku Matsuda
tiago-alves-sales,Tiago Alves
jae-beom-kwon,Kwon Jae-Beom
kohei-isa,Kohei Isa
wil-trapp,Wil Trapp
yuki-kobayashi-2000-07-18,Yuki Kobayashi
dyanfres-douglas-chagas-matos,Douglas
ryo-shinzato,Ryo Shinzato
mauro-andres-manotas-paez,Mauro Manotas
daichi-akiyama,Daichi Akiyama
joon-ho-hong,Hong Joon-Ho
ruan-gregorio-teixeira,Ruan
gun-hee-kim,Kim Gun-Hee
kenneth-kronholm,Kenneth Kronholm
soon-hyung-kwon,Kwon Soon-Hyung
hector-jimenez,Héctor Jiménez
alvino-volpi-neto,Neto Volpi
jake-nerwinski,Jake Nerwinski
so-woong-kim,Kim So-Woong
tsuyoshi-kodama,Tsuyoshi Kodama
min-kyu-kim,Kim Min-Gyu
kazushi-mitsuhira,Kazushi Mitsuhira
seung-jun-song,Song Seung-Jun
david-loera,David Loera
yuto-uchida,Yuto Uchida
james-mzamo-musa,James Musa
in-jae-hwang,Hwang In-Jae
kazuma-watanabe,Kazuma Watanabe
joseph-martin-mora-cortez,Joseph Mora
andrew-putna,Andrew Putna
daryl-dike,Daryl Dike
renzo-jose-zambrano,Renzo Zambrano
sung-hoon-cho,Cho Sung-Hoon
leandro-domingues-barbosa,Leandro Domingues
sung-ju-kim-1990-11-15,Kim Sung-Ju
shota-kobayashi,Shota Kobayashi
zdenek-ondrasek,Zdenek Ondrášek
kook-young-han,Han Kook-Young
seung-dae-kim,Kim Seung-Dae
gustavo-leonardo-bou,Gustavo Bou
du-jae-won,Won Du-jae
zarek-valentin,Zarek Valentin
ezequiel-barco,Ezequiel Barco
hany-mukhtar,Hany Mukhtar
marco-farfan,Marco Farfan
min-woo-kim,Kim Min-Woo
ho-nam-kim,Kim Ho-Nam
yoshinori-suzuki,Yoshinori Suzuki
seok-yeong-jo,Cho Seok-Yeong
takuto-hayashi,Takuto Hayashi
yuya-takazawa,Yuya Takazawa
joseph-claude-agyeman-gyau,Joseph-Claude Gyau
maynor-alexis-figueroa-rochez,Maynor Figueroa
togo-umeda,Togo Umeda
hiroya-matsumoto,Hiroya Matsumoto
jacob-akanyirige,Jacob Akanyirige
julian-vazquez,Julian Vazquez
yohei-takeda,Yohei Takeda
roger-espinoza-ramirez,Róger Espinoza
walker-zimmerman,Walker Zimmerman
gakuto-notsuda,Gakuto Notsuda
se-hun-oh,Oh Se-Hun
laurent-ciman,Laurent Ciman
yukitoshi-ito,Yukitoshi Ito
sang-hyup-lee,Lee Sang-Hyeob
kyung-min-mun,Mun Kyung-Min
joseph-dezart,Joseph Dezart
hyun-sik-lee,Lee Hyun-Sik
min-ki-lee,Lee Min-Gi
miles-robinson,Miles Robinson
alejandro-enrique-fuenmayor-castillo,Alejandro Fuenmayor
jan-gregus,Ján Greguš
adam-buksa,Adam Buksa
edgar-bruno-da-silva,Edgar Silva
kendall-isaiah-mcintosh,Kendall McIntosh
yong-eon-lee,Lee Yong-Eon
chanathip-songkrasin,Chanathip
bo-min-seo,Seo Bo-Min
adam-taggart,Adam Taggart
steve-clark,Steve Clark
ho-jeong-jeong,Jeong Ho-Jeong
yasuhiro-hiraoka,Yasuhiro Hiraoka
young-wook-cho,Cho Young-Wook
adam-lundqvist,Adam Lundqvist
takahiro-kunimoto,Takahiro Kunimoto
anderson-ferreira-da-silva,Para
felipe-hernandez,Felipe Hernandez
lucas-daniel-cavallini,Lucas Cavallini
yoshiki-matsushita,Yoshiki Matsushita
patrick-mullins,Patrick Mullins
ashtone-morgan,Ashtone Morgan
akihiko-takeshige,Akihiko Takeshige
ji-hyun-kim,Kim Ji-Hyun
won-jin-hong,Hong Won-Jin
magnus-eriksson-1990-04-08,Magnus  Eriksson
jun-yeon-jeong,Jeong Jun-Yeon
yosuke-kawai,Yosuke Kawai
matej-jonjic,Matej Jonjic
tajon-buchanan,Tajon Buchanan
tanner-beason,Tanner Beason
tatsuya-yamaguchi,Tatsuya Yamaguchi
sang-hoon-yoo,Yu Sang-Hun
kyowaan-hoshi,Kyowaan Hoshi
ola-williams-kamara,Ola Kamara
takuji-yonemoto,Takuji Yonemoto
kyogo-furuhashi,Kyogo Furuhashi
young-woo-seol,Seol Young-Woo
anderson-jose-lopes-de-souza,Anderson Lopes
jonathan-dos-santos-ramirez,Jonathan dos Santos
maikel-van-der-werff,Maikel van der Werff
gen-shoji,Gen Shoji
mitchell-james-langerak,Langerak
sachiro-toshima,Sachiro Toshima
kyung-hyun-min,Min Kyung-Hyun
byeong-geun-hwang,Hwang Byeong-Geun
hidekazu-otani,Hidekazu Otani
jeong-hyun-kim,Kim Jung-Hyun
ryo-takeuchi,Ryo Takeuchi
dae-won-kim,Kim Dae-Won
kortne-ford,Kortne Ford
yuto-misao,Yuto Misao
jesiel-cardoso-miranda,Jesiel
valeri-qazaishvili,Valeri Qazaishvili
ryohei-michibuchi,Ryohei Michibuchi
koki-harada,Koki Harada
matt-lampson,Matt Lampson
seok-hee-han,Han Seok-Hee
takuma-nishimura,Takuma Nishimura
takayoshi-ishihara,Takayoshi Ishihara
alan-pulido-izaguirre,Alan Pulido
junya-tanaka,Junya Tanaka
riku-matsuda-1999-05-03,Riku Matsuda
koji-suzuki,Koji Suzuki
hiroki-iikura,Hiroki Iikura
hyeon-seung-lee,Lee Hyeon-Seung
geon-hee-pyo,Pyo Geon-Hee
johnny-russell,Johnny Russell
jose-andres-martinez-torres,José Martínez
kazunari-ono,Kazunari Ono
lalas-abubakar,Lalas Abubakar
ryan-raposo,Ryan Raposo
kohei-shimizu,Kohei Shimizu
won-jae-park,Park Won-Jae
naoki-kawaguchi,Naoki Kawaguchi
si-woo-song,Song Si-Woo
shunsuke-nakamura-1978-06-24,Shunsuke Nakamura
winston-reid,Winston Reid
jung-hwan-kim,Kim Jeong-Hwan
young-bin-kim,Kim Young-Bin
reggie-cannon,Reggie Cannon
guram-kashia,Guram Kashia
joo-yong-lee,Lee Ju-Yong
matej-oravec,Matej Oravec
1994-07-23,Choe Cheol-Won
jacob-shaffelburg,Jacob Shaffelburg
hitoshi-sogahata,Hitoshi Sogahata
yosuke-akiyama,Yosuke Akiyama
taisei-miyashiro,Taisei Miyashiro
manuel-emilio-palacios-murillo,Manuel Palacios
daiki-hashioka,Daiki Hashioka
yojiro-takahagi,Yojiro Takahagi
hwi-jin-ham,Ham Hwi-jin
takuro-kaneko,Takuro Kaneko
yong-hyuk-lee,Lee Yong-Hyeok
romulo-jose-pacheco-da-silva,Rômulo
sang-hyub-lim,Lim Sang-Hyub
masatoshi-mihara,Masatoshi Mihara
jose-luis-gonzalez-gudina,José Gonzalez
toichi-suzuki,Toichi Suzuki
sun-min-kim,Kim Seon-Min
ho-yeong-seong,Seong Ho-Yeong
ren-fujimura,Ren Fujimura
hiroaki-okuno,Hiroaki Okuno
ayase-ueda,Ayase Ueda
jin-hyung-song,Song Jin-Hyung
kaoru-mitoma,Kaoru Mitoma
ryutaro-iio,Ryutaro IIO
cristian-daniel-gutierrez-zuniga,Cristián Gutiérrez
alexandru-ionu-mitri-a,Alexandru Mitriță
jurgen-locadia,Jürgen Locadia
luis-antonio-amarilla-lencina,Luis Amarilla
gianluca-busio,Gianluca Busio
riku-danzaki,Riku Danzaki
antonio-carlos-cunha-capocasali-junior,Antônio Carlos
in-soo-yu,Yu In-Soo
reum-yeo,Yeo Reum
go-hatano,Go Hatano
keisuke-saka,Keisuke Saka
daichi-hayashi,Daichi Hayashi
yusuke-goto,Yusuke Goto
sebastian-marcelo-blanco,Sebastián Blanco
ji-hyeok-yun,Yun Ji-Hyeok
dankler-luis-de-jesus-pereira,Dankler
andre-blake,Andre Blake
c-j-sapong,C.J. Sapong
luis-carlos-almeida-da-cunha,Nani
jorge-antonio-flores-villafana,Jorge Villafaña
joan-oumari,Joan Oumari
thomas-roberts,Thomas Roberts
yasuto-wakizaka,Yasuto Wakizaka
teruki-hara,Teruki Hara
tsubasa-shibuya,Tsubasa Shibuya
yuichi-maruyama,Yuichi Maruyama
shun-takagi,Shun Takagi
joon-suk-lee,Lee Joon-Suk
jin-ho-shin,Shin Jin-Ho
yuzo-kobayashi,Yuzo Kobayashi
yo-han-ko,Go Yo-Han
jay-chapman,Jay Chapman
ryosuke-maeda,Ryosuke Maeda
shunya-suganuma,Shunya Suganuma
andres-iniesta-lujan,Andres Iniesta
ja-ryong-koo,Ku Ja-Ryong
rodolfo-gilbert-pizarro-thomas,Rodolfo Pizarro
abu-danladi,Abu Danladi
ryo-hatsuse,Ryo Hatsuse
saad-abdul-salaam,Saad Abdul-Salaam
katsuya-iwatake,Katsuya Iwatake
kwan-woo-park,Park Guan-Woo
myong-jin-ko,Koh Myong-Jin
jeong-hoon-kim-2001-04-20,Kim Jeong-Hoon
edigar-junio-teixeira-lima,Edigar Junio
tosaint-ricketts,Tosaint Ricketts
michael-mancienne,Michael Mancienne
aljaz-struna,Aljaž Struna
in-kyu-lee-2000-01-16,Lee In-Gyu
sang-woo-kang,Kang Sang-Woo
edwin-munjoma,Edwin Munjoma
freese-matthew,Freese Matthew
masahiko-inoha,Masahiko Inoha
chang-soo-kim,Kim Chang-Soo
joe-benny-corona-crespin,Joe Corona
renzo-lopez-patron,Renzo López
luis-carlos-ramos-martins,Luís Martins
sang-heon-lee-1998-02-26,Lee Sang-Heon
shingo-hyodo,Shingo Hyodo
yamil-rodrigo-asad,Yamil Asad
lucas-manuel-zelarayan,Lucas Zelarayán
justin-rennicks,Justin Rennicks
jordi-jose-delem,Jordi Delem
dong-woon-sim,Shim Dong-Woon
jae-woo-park-1999-03-06,Park Jae-Woo
alex-de-john,Alex De John
san-jung,Jeong San
andrevaldo-de-jesus-santos,Valdo
jin-hyeon-kim-1999-09-28,Kim Jin-Hyun
adam-jahn,Adam Jahn
keijiro-ogawa,Keijiro Ogawa
taylor-washington,Taylor Washington
kengo-nakamura,Kengo Nakamura
nouhou-tolo,Nouhou Tolo
kota-mizunuma,Kota Mizunuma
tyler-miller,Tyler Miller
kai-wagner,Kai Wagner
tatsuhiro-sakamoto,Tatsuhiro Sakamoto
toshihiro-aoyama,Toshihiro Aoyama
olivier-mbaissidara-mbaizo,Olivier Mbaizo
ui-su-gi,Gi Ui-Su
rei-matsumoto,Rei Matsumoto
se-jin-myung,Myung Se-Jin
tomislav-kis,Tomislav Kiš
yun-oh-lee,Lee Yunoh
jong-woo-park,Park Jong-Woo
richardson-fernandes-dos-santos,Richardson
sho-sasaki,Sho Sasaki
tae-youn-kim,Kim Tae-Youn
sang-hyuk-park,Park Sang-Hyeok
jonathan-mensah,Jonathan Mensah
yuta-someya,Yuta Someya
yosuke-ideguchi,Yosuke Ideguchi
sang-joon-lee,Lee Sang-Jun
eryk-williamson,Eryk Williamson
tony-rocha,Tony Rocha
robert-beric,Robert Berič
ryohei-shirasaki,Ryohei Shirasaki
latif-blessing,Latif Blessing
mark-mckenzie,Mark McKenzie
itsuki-someno,Itsuki Someno
tawan-khotrsupho,Tawan
ethan-finlay,Ethan Finlay
ryuta-koike,Ryuta Koike
diego-hernan-valeri,Diego Váleri
przemyslaw-tyton,Przemysław Tytoń
gustav-svensson-1987-02-07,Gustav Svensson
daiki-watari,Daiki Watari
keiya-shiihashi,Keiya Shiihashi
jung-ya-kim,KIM Jungya
chang-mu-shin,Shin Chang-Moo
min-soo-kim-1997-10-29,Kim Min-Su
hideto-takahashi,Hideto Takahashi
hotaka-nakamura,Hotaka Nakamura
joe-willis,Joe Willis
kevin-molino,Kevin Molino
sang-ki-min,Min Sang-Gi
sung-min-jung,Jung Sung-Min
yuji-kajikawa,Yuji Kajikawa
ko-sawada,Ko Sawada
brad-stuver,Brad Stuver
yuya-nakasaka,Yuya Nakasaka
ryogo-yamasaki,Ryogo Yamasaki
eduard-andres-atuesta-velasco,Eduard Atuesta
shuhei-kawasaki,Shuhei Kawasaki
haruki-fukushima,Haruki Fukushima
saphir-sliti-taider,Saphir Taïder
yugo-tatsuta,Yugo Tatsuta
tae-joon-park,Park Tae-Joon
jordan-morris,Jordan Morris
bum-soo-lee,Lee Bum-Soo
felipe-martins-campanholi,Felipe Martins
takeshi-kanamori,Takeshi Kanamori
tsukasa-umesaki,Tsukasa Umesaki
brandon-vazquez-toledo,Brandon Vázquez
jin-woo-jo,Jo Jin-woo
dae-young-koo,Koo Dae-Young
greg-ranjitsingh,Greg Ranjitsingh
shun-yoshida,Shun Yoshida
josef-alexander-martinez,Josef Martínez
nick-depuy,Nick DePuy
hirofumi-watanabe,Hirofumi Watanabe
rei-hirakawa,Rei Hirakawa
riku-furuyado,Riku Furuyado
young-jun-choi,Choi Young-Jun
jae-moon-ryu,Ryu Jae-Moon
dong-gook-lee,Lee Dong-Gook
alvin-jones,Alvin Jones
yuki-saneto,Yuki Saneto
danilo-aparecido-da-silva,Danilo Silva
tsubasa-nishi,Tsubasa Nishi
chase-gasper,Chase Gasper
randall-enrique-leal-arley,Randall Leal
hideki-ishige,Hideki Ishige
taiyo-koga,Taiyo Koga
yuya-oki,Yuya Oki
aidan-morris,Aidan Morris
jesus-ferreira,Jesus Ferreira
koki-kotegawa,Koki Kotegawa
ho-young-park,Park Ho-Young
teal-bunbury,Teal Bunbury
daniel-armando-rios-calderon,Daniel Ríos
john-pulskamp,John Pulskamp
florian-jungwirth,Florian Jungwirth
tomoki-iwata,Tomoki Iwata
noriaki-fujimoto,Noriaki Fujimoto
ayomide-akinola,Ayomide Akinola
takuya-yasui,Takuya Yasui
toshio-shimakawa,Toshio Shimakawa
eric-calvillo,Eric Calvillo
kazuya-konno,Kazuya Konno
juan-agudelo,Juan Agudelo
joon-soo-ahn,Ahn Joon Soo
daisuke-matsui,Daisuke Matsui
do-won-baek,Baek Do-Won
takuya-wada,Takuya Wada
yuki-yamamoto,Yuki Yamamoto
sang-won-kim,Kim Sang-Won
kazunari-ichimi,Kazunari Ichimi
yohei-takaoka,Yohei Takaoka
tomoya-ugajin,Tomoya Ugajin
sean-davis,Sean Davis
byung-hyun-park,Park Byung-Hyun
min-ho-kim-2000-01-26,Kim Min-Ho
hyun-seok-doo,Doo Hyeon-Seok
marcos-junior-lima-dos-santos,Marcos Junior
romain-metanire,Romain Métanire
jun-hee-park,Park Jun-Hui
hidemasa-morita,Hidemasa Morita
takuya-iwanami,Takuya Iwanami
james-marcinkowski,James Marcinkowski
tayvon-gray,Tayvon Gray
gwang-hyuk-lee,Lee Gwang-Hyeok
javier-hernandez-balcazar,Javier Hernández
alvas-elvis-powell,Alvas Powell
kenshin-yoshimaru,Kenshin Yoshimaru
amadou-dia-1993-06-08,Amadou Dia
byung-oh-kim,Kim Byong-Oh
kazushige-kirihata,Kazushige Kirihata
jahkeele-marshall-rutty,Jahkeele Marshall-Rutty
min-seo-park,Park Min-Seo
kosuke-taketomi,Kosuke Taketomi
kendall-jamaal-waston-manley,Kendall Waston
yuta-goke,Yuta Goke
dae-won-park,Park Dae-Won
hidetoshi-takeda,Hidetoshi Takeda
dejan-jakovic,Dejan Jaković
ju-tae-yun,Yun Ju-Tae
thomas-deng,Thomas Jok Deng
marky-delgado,Marky Delgado
tommy-thompson,Tommy Thompson
erickson-yirson-gallardo,Erickson Gallardo
heber-araujo-dos-santos,Heber
gleidionor-figueiredo-pinto-junior,Junior Negao
lassi-lappalainen,Lassi Lappalainen
min-hyeok-kim,Kim Min Hyeok
kellyn-acosta,Kellyn Acosta
cristiano-da-silva-1987-01-12,Cristiano
jae-won-jang,Jang Jae-Won
juan-matheus-alano-nascimento,Juan Alano
anton-walkes,Anton Walkes
jesus-manuel-medina-maldonado,Jesús Medina
jun-lee,Lee Jun
kyeong-bae-park,Park Kyoung-Bae
ademilson-braga-bispo-junior,Ademilson
yusuke-segawa,Yusuke Segawa
i-gi-lee,Lee I-Gi
jong-tae-yoon,Yoon Jong-Tae
ado-onaiwu,Ado Onaiwu
mitsunari-musaka,Mitsunari Musaka
hyung-kyung-lee,Lee Hyeong-Kyeong
aaron-herrera,Aaron Herrera
ju-hwan-kim,Kim Ju-hwan
kaisei-ishii,Kaisei Ishii
sho-ito,Sho Ito
daiju-sasaki,Daiju Sasaki
ryosuke-shindo,Ryosuke Shindo
cristian-sleiker-casseres-yepes,Cristian Cásseres
naoki-maeda,Naoki Maeda
seong-hyeong-yoo,Yoo Sung-Hyung
kacper-przybylko,Kacper Przybyłko
keegan-rosenberry,Keegan Rosenberry
yong-woo-an,An Yong-Woo
ulises-segura-machado,Ulises Segura
eric-lopez,Eric Lopez
genta-ito,Genta Ito
anton-tinnerholm,Anton Tinnerholm
djordje-mihailovic,Djordje Mihailovic
khiry-shelton,Khiry Shelton
kelyn-rowe,Kelyn Rowe
lewis-morgan-1996-09-30,Lewis Morgan
jack-de-vries,Jack De Vries
gustavo-vintecinco,Gustavo Vintecinco
myeong-seok-go,Go Myeong-Seok
young-eun-choi,Choi Young-Eun
seung-gyu-han,Han Seung-Gyu
taichi-hara,Taichi Hara
mathieu-choiniere,Mathieu Choiniere
quenten-geordie-felix-martinus,Quenten Martinus
cristhian-fabian-paredes-maciel,Cristhian Paredes
elliott-collier,Elliott Collier
chul-soon-choi,Choi Chul-Soon
takanori-sugeno,Takanori Sugeno
shinya-yajima,Shinya Yajima
min-woo-jung-2000-09-27,Jung Min-Woo
alexander-ring,Alexander Ring
ethan-zubak,Ethan Zubak
andrew-wooten,Andrew Wooten
jun-ho-hwang,Hwang Jun-Ho
felipe-alejandro-gutierrez-leiva,Felipe Gutiérrez
ryuji-izumi,Ryuji Izumi
sacha-kljestan,Sacha Klještan
caleb-stanko,Caleb Stanko
daiya-maekawa,Daiya Maekawa
matheus-simonete-bressanelli,Bressan
tristan-blackmon,Tristan Blackmon
gerso-fernandes,Gerso Fernandes
bryan-meredith,Bryan Meredith
ji-yong-lee-1999-04-01,Lee Ji-yong
rhayner-santos-nascimento,Rhayner
jordan-patrick-dear-hamilton,Jordan Hamilton
brandon-bye,Brandon Bye
suk-young-yun,Yun Suk-Young
jeff-attinella,Jeff Attinella
ryotaro-araki,Ryotaro Araki
akinori-ichikawa,Akinori Ichikawa
hyun-sung-kim-1989-09-27,Kim Hyun-Sung
tsuyoshi-watanabe,Tsuyoshi Watanabe
ezequiel-santos-da-silva,Ezequiel
hiroto-yamada,Hiroto Yamada
ryota-hayasaka,Ryota Hayasaka
da-sol-kim,Kim Da-Sol
yong-woo-park,Park Yong-Woo
bong-hun-yeo-1994-03-12,Yeo Bong-Hun
hak-yoon-lee,Lee Hak-Yoon
ryo-germain,Ryo Germain
miguel-angel-ibarra-andrade,Miguel Ibarra
david-ochoa-2001-01-16,David Ochoa
jung-woon-hong,Hong Jeong-Un
samuel-piette,Samuel Piette
tae-ryeol-yang,Yang Tae-Ryoul
dylan-nealis,Dylan Nealis
shunya-mori,Shunya Mouri
dario-zuparic,Dario Župarić
zico-bailey,Zico Bailey
daisuke-suzuki,Daisuke Suzuki
joe-bendik,Joe Bendik
kosuke-nakamura,Kosuke Nakamura
terry-antonis,Terry Antonis
mauricio-pineda,Mauricio Pineda
dong-soo-lee,Lee Dong-Su
yuta-minami,Yuta Minami
thomas-hasal,Thomas Hasal
omir-fernandez,Omir Fernandez
takuya-uchida,Takuya Uchida
wan-kyu-kwon,Gwon Wan-Gyu
min-woo-seo,Seo Min-Woo
frankie-amaya,Frankie Amaya
mohammed-adams,Mohammed Adams
cristian-anderson-penilla-caicedo,Cristian Penilla
hyun-soo-hwang,Hwang Hyun-Soo
gadi-kinda,Gadi Kinda
renato-augusto-santos-junior,Renato Augusto
yusho-takahashi,Yusho Takahashi
stefan-cleveland,Stefan Cleveland
won-sik-kim,Kim Won-Sik
kawin-thamsatchanan,Kawin
katsuhiro-nakayama,Katsuhiro Nakayama
riyo-kawamoto,Riyo Kawamoto
naoya-fukumori,Naoya Fukumori
keita-takahata,Keita Takahata
jose-manuel-aja-livchich,José Aja
michael-nelson-1995-02-10,Michael Nelson
fernando-nicolas-meza,Fernando Meza
daisuke-takagi,Daisuke Takagi
jefferson-david-tabinas,Tabinas Jefferson
mathias-jorgensen,Mathias Jörgensen
takuya-matsuura,Takuya Matsuura
nick-besler,Nick Besler
andres-alexander-flores-mejia,Andrés Flores
rolf-gunther-feltscher-martinez,Rolf Feltscher
tesho-akindele,Tesho Akindele
hyo-gi-kim,Kim Hyo-Ki
vito-wormgoor,Vito Wormgoor
ji-yong-jeong,Jeong Ji-Yong
bradley-guzan,Bradley Guzan
gyasi-zardes,Gyasi Zardes
tae-hee-lee-1992-06-16,Lee Tae-Hee
chang-jin-moon,Moon Chang-Jin
dong-bum-kim,Kim Dong-Bum
carlos-eduardo-bendini-giusti,Eduardo
gyo-won-han,Han Kyo-Won
jackson-yueill,Jackson Yueill
yuki-nogami,Yuki Nogami
cade-cowell,Cade Cowell
noble-okello,Noble Okello
tatsuya-tabira,Tatsuya Tabira
ryota-oshima,Ryota Oshima
reo-hatate,Reo Hatate
kashifu-bangunagande,Kashif Bangunagande
felipe-andres-mora-aliaga,Felipe Mora
brian-anunga,Brian Anunga
akihiro-hayashi,Akihiro Hayashi
jung-ho-kim,Kim Jeung-Ho
yuki-muto,Yuki Muto
young-ung-jung,Jung Yeong-Ung
murilo-henrique-pereira-rocha,Murilo
se-gye-shin,Sin Se-Gye
kylian-mbappe-lottin,Kylian Mbappé
aitor-ruibal-garcia,Aitor Ruibal
leandro-daniel-paredes,Leandro Paredes
magno-jose-da-silva,Maguinho
olivier-myny,Olivier Myny
albert-rusnak,Albert Rusnák
thomas-henry,Thomas Henry
paul-edgar-akouokou,Paul Akouokou
daniel-rebollo-franco,Dani Rebollo
marcos-aoas-correa,Marquinhos
claudio-andres-bravo-munoz,Claudio Bravo
romell-samir-quioto-robinson,Romell Quioto
lois-openda,Lois Openda
auro-alvaro-da-cruz-junior,Auro
geovanni-barba-jimenez,Geovanni Barba
kevin-paredes,Kevin  Paredes
shoma-doi,Shoma Doi
mohamed-reda-halaimia,Mohamed Halaimia
juan-bernat-velasco,Juan Bernat
mathieu-maertens,Mathieu Maertens
kamal-sowah,Kamal Sowah
kays-ruiz-atil,Kays Ruiz-Atil
kensuke-sato,Kensuke Sato
weverson-leandro-oliveira-moura,Leandro
stanislav-lobotka,Stanislav Lobotka
lucas-perez-martinez,Lucas Pérez
frederic-duplus,Frédéric Duplus
shusaku-nishikawa,Shusaku Nishikawa
dimitar-velkovski,Dimitar Velkovski
bartolomeu-jacinto-quissanga,Bastos
matteo-politano,Matteo Politano
frederic-frans,Frédéric Frans
sascha-kotysch,Sascha Kotysch
sebastiano-luperto,Sebastiano Luperto
presnel-kimpembe,Presnel Kimpembe
ryan-sanusi,Ryan Sanusi
guido-rodriguez,Guido Rodríguez
maxime-crepeau,Maxime Crépeau
benji-michel,Benji Michel
emerson-hyndman,Emerson Hyndman
takahiro-ogihara,Takahiro Ohgihara
takuo-okubo,Takuo Okubo
martin-montoya-torralbo,Martín Montoya
timothee-kolodziejczak,Timothée Kolodziejczak
romain-hamouma,Romain Hamouma
keylor-navas-gamboa,Keylor Navas
ander-herrera-aguera,Ander Herrera
toni-sunjic,Toni Šunjić
brian-de-keersmaecker,Brian De Keersmaecker
ikuma-sekigawa,Ikuma Sekigawa
jae-wan-cho,Cho Jae-Wan
garissone-innocent,Garissone Innocent
gregory-grisez,Grégory Grisez
marius-noubissi,Marius Noubissi
calvin-ray-jong-a-pin,Calvin Jong a Pin
leonardo-nascimento-lopes-de-souza,Leonardo
kyohei-yoshino,Kyohei Yoshino
george-bello,George Bello
yann-gerard-m-vila,Yann M'Vila
jorge-emanuel-broun,Jorge Broun
maximilian-philipp,Maximilian Philipp
yuya-kubo,Yuya Kubo
vincent-pate-aboubakar,Vincent Aboubakar
hyung-mo-yang,Yang Hyung-Mo
hirotaka-mita,Hirotaka Mita
ao-tanaka,Ao Tanaka
malick-thiaw-2001-08-08,Malick Thiaw
kyohei-noborizato,Kyohei Noborizato
cole-bassett,Cole Bassett
shinnosuke-hatanaka,Shinnosuke Hatanaka
thierry-rendall-correia,Thierry Correia
shota-kaneko,Shota Kaneko
daniel-tawiah-opare,Daniel Opare
uros-racic,Uroš Račić
tim-melia,Tim Melia
jong-hyeok-jeon,Jeon Jong-Hyeok
pablo-sarabia-garcia,Pablo Sarabia
smail-prevljak,Smail Prevljak
jae-kyung-park,Park Jae-Kyung
wilfrid-jaures-kaptoum,Wilfrid Kaptoum
horacio-gabriel-tijanovich,Horacio Tijanovich
bill-hamid,Bill Hamid
spencer-richey,Spencer Richey
nordin-jackers,Nordin Jackers
dejan-kulusevski,Dejan Kulusevski
christopher-mueller,Christopher Mueller
jose-yordy-reyna-serna,Yordy Reyna
manuel-javier-vallejo-galvan,Manu Vallejo
raphael-holzhauser,Raphael Holzhauser
gonzalo-escalante,Gonzalo Escalante
danila-prokhin,Danila Prokhin
edo-kayembe,Edo Kayembe
john-tolkin,John Tolkin
djavan-anderson,Djavan Anderson
daniel-martin-fernandez,Dani Martín
alexander-bono,Alexander Bono
tae-hyun-ahn,An Tae-Hyun
thiago-dos-santos-1989-09-05,Thiago Santos
alessandro-schopf,Alessandro Schöpf
shunta-tanaka,Shunta Tanaka
tetsushi-yamakawa,Tetsushi Yamakawa
jay-bothroyd,Jay
pedro-miguel-martins-santos,Pedro Santos
allan-marques-loureiro,Allan
dong-heon-kim,Kim Dong-Heon
tomas-franco-tavares,Tomas Tavares
orestis-karnezis,Orestis Karnezis
vaso-vasic,Vaso Vasić
gideon-mensah,Gideon Mensah
fyodor-smolov,Fedor Smolov
evgeny-makarenko,Evgeny Makarenko
sander-berge,Sander Berge
javier-matias-pastore,Javier Pastore
lasse-sobiech,Lasse Sobiech
marco-kana,Marco Kana
loic-perrin,Loïc Perrin
francisco-guillermo-ochoa-magana,Guillermo Ochoa
euloge-meme-placca-fessou,Euloge Placca Fessou
dyego-wilverson-ferreira-sousa,Dyego Sousa
samuel-moutoussamy,Samuel Moutoussamy
johanna-ochieng-omolo,Johanna Omolo
maximiliano-caufriez,Maximiliano Caufriez
nicolas-raskin,Nicolas Raskin
danylo-sikan,Danylo Sikan
valentin-rosier,Valentin Rosier
mathieu-de-smet,Mathieu De Smet
yannick-thoelen,Yannick Thoelen
brahian-milton-aleman-athaydes,Brahian Alemán
ibrahima-sory-sankhon,Ibrahima Sankhon
renzo-saravia,Renzo Saravia
dario-van-den-buijs,Dario Van den Buijs
sebastian-szymanski,Sebastian Szymański
silvio-proto,Silvio Proto
denis-cheryshev,Denis Cheryshev
sven-botman,Sven Botman
enes-saglik,Enes Sağlık
thiago-henrique-mendes-ribeiro,Thiago Mendes
franco-emanuel-cervi,Franco Cervi
virgiliu-postolachi,Virgiliu  Postolachi
bruno-da-silva-peres,Bruno Peres
giorgi-kvilitaia,Giorgi Kvilitaia
michael-langer,Michael Langer
mirko-antonucci,Mirko Antonucci
luca-oyen,Luca Oyen
davor-matijas,Davor Matijaš
sadek-jordan-chebel-faucher,Jordan Faucher
nikola-kalinic,Nikola Kalinić
pablo-javier-zabaleta-girod,Pablo Zabaleta
keito-nakamura,Keito Nakamura
sebastien-bruzzese,Sébastien Bruzzese
jarno-de-smet,Jarno De Smet
joel-robles-blazquez,Joel Robles
arnaut-danjuma-groeneveld,Arnaut Groeneveld
ianis-hagi,Ianis Hagi
marvin-baudry,Marvin Baudry
nabil-bentaleb,Nabil Bentaleb
abdul-manaf-nurudeen,Abdul Nurudeen
bruno-miguel-borges-fernandes,Bruno Fernandes
mbaye-diagne,Mbaye Diagne
daiki-matsuoka,Daiki Matsuoka
ronald-alberto-matarrita-ulate,Ronald Matarrita
alejandro-romero-gamarra,Alejandro Romero
daiki-mitsui,Daiki Mitsui
taishi-brandon-nozawa,Taishi Brandon Nozawa
jorge-nicolas-figal,Jorge Figal
osvaldo-alonso-moreno,Osvaldo Alonso
se-jin-park,Park Se-Jin
takuma-arano,Takuma Arano
kelvin-leerdam,Kelvin Leerdam
daniel-leyva,Daniel Leyva
ji-min-lee,Lee Ji-Min
woo-hong-kim,Kim Woo-Hong
eun-soo-lim,Lim Eun-Su
yong-ho-yoon,Yoon Yong-Ho
matt-bersano,Matt Bersano
mitsuki-saito,Mitsuki Saito
edison-michael-flores-peralta,Édison Flores
dong-woo-kim,Kim Dong-Woo
yohei-toyoda,Yohei Toyoda
aaron-long,Aaron Long
brandon-servania,Brandon Servania
jeong-ho-hong,Hong Jeong-Ho
milton-nahuel-valenzuela,Milton Valenzuela
daiki-sugioka,Daiki Sugioka
jong-bum-baek,Baek Jong-Bum
fred-emmings,Fred Emmings
jung-soo-park,Park Jeong-Soo
marlon-hairston,Marlon Hairston
roman-aureliano-torres-morcillo,Román Torres
frederic-brillant,Frédéric Brillant
simao-mate-junior,Simao Mate
ben-sweat,Ben Sweat
dong-ho-jeong,Jeong Dong-Ho
clinton-irwin,Clinton Irwin
yoshiaki-komai,Yoshiaki Komai
seung-jae-lee,Lee Seung-Jae
haris-medunjanin,Haris Medunjanin
young-jae-lee,Lee Young-Jae
yasuhito-endo,Yasuhito Endo
marc-rzatkowski,Marc Rzatkowski
jeong-in-park,Park Jeong-In
ayumu-ohata,Ayumu Ohata
leo-osaki,Leo Osaki
soo-hyuk-cho,Jo Su-Huk
shuto-yamamoto,Shuto Yamamoto
hyeok-kyu-kwon,Kwon Hyeok-Kyu
ryoya-morishita,Ryoya Morishita
kazuhiro-sato,Kazuhiro Sato
koya-yuruki,Koya Yuruki
daiki-miya,Daiki Miya
tae-gyu-ko,Ko Tae-Gyu
aboubacar-keita,Aboubacar Keita
mathieu-deplagne,Mathieu Deplagne
ken-tokura,Ken Tokura
kyle-smith-1992-01-09,Kyle Smith
shinnosuke-nakatani,Shinnosuke Nakatani
kwang-min-ko,Ko Kwang-Min
jung-wook-hwang,Hwang Jung-Wook
ho-jun-kim,Kim Ho-Jun
kwang-hoon-shin,Shin Kwang-Hoon
russell-canouse,Russell Canouse
kohei-tezuka,Kohei Tezuka
daiki-suga,Daiki Suga
erik-fernando-godoy,Erik Godoy
yuya-asano,Yuya Asano
robin-jansson,Robin Jansson
hyun-muk-kang,Kang Hyun-Muk
gwang-seok-kim,Kim Kwang-Suk
jia-nan-wang,Wang Jianan
corey-baird,Corey Baird
tae-hee-lee,Lee Tae-Hui
byung-wook-lee,Lee Byung-Wook
carlos-antonio-de-souza-junior,Carlinhos Junior
brad-knighton,Brad Knighton
theerathon-bunmathan,Theerathon
abdul-rwatubyaye,Abdul Rwatubyaye
damir-kreilach,Damir Kreilach
karifa-yao,Karifa Yao
adrien-perez-1995-10-13,Adrien Perez
seung-beom-ko,Ko Seung-Beom
hoon-sung-jung,Jung Hoon-Sung
ocimar-de-almeida-junior,Júnior Urso
thomas-chacon-yona,Thomás Chacón
yosuke-kashiwagi,Yosuke Kashiwagi
bruno-pereira-mendes,Bruno Mendes
bryan-josue-acosta-ramos,Bryan Acosta
soon-min-hwang,Hwang Soon-Min
tate-schmitt,Tate Schmitt
nicholas-slonina,Nicholas Slonina
justin-eric-vom-steeg,Justin Vom Steeg
iru-gyu-park,Park Il Gyu
shintaro-nago,Shintaro Nago
ryotaro-ishida,Ryotaro Ishida
robin-lod,Robin Lod
sung-jin-cho,Jo Sung-Jin
yosei-itahashi,Yosei Itahashi
aaron-schoenfeld,Aaron Schoenfeld
thiago-martins-bueno,Thiago Martins
kyle-duncan,Kyle Duncan
richard-sanchez-alcaraz,Richard Sánchez
myung-jae-lee,Lee Myung-Jae
mason-toye,Mason Toye
brandon-o-neill,Brandon O'Neill
yutaro-oda,Yutaro Oda
takuya-kida,Takuya Kida
jake-mulraney,Jake Mulraney
keaton-alexander-parks,Keaton Parks
bryce-duke,Bryce Duke
fuchi-honda,Fuchi Honda
hokuto-shimoda,Hokuto Shimoda
marvin-loria,Marvin Loría
josh-williams,Josh Williams
jiro-kamata,Jiro Kamata
hiroto-goya,Hiroto Goya
maximiliano-urruti,Maximiliano Urruti
ki-woon-lee,Lee Gi-Un
douglas-da-silva-vieira,Douglas Vieira
ilie-sanchez-farres,Ilie
omar-alejandro-gonzalez,Omar González
anderson-patric-aguiar-oliveira,Patric
deklan-wynne,Deklan Wynne
kazuaki-mawatari,Kazuaki Mawatari
junior-leonardo-moreno-borrero,Junior Moreno
efrain-alvarez,Efrain Alvarez
akito-fukumori,Akito Fukumori
yoichiro-kakitani,Yoichiro Kakitani
jong-wook-lee,Lee Jong-wook
jorge-luis-corrales-cordero,Jorge Corrales
rodrigo-adrian-schlegel,Rodrigo Schlegel
ataru-esaka,Ataru Esaka
takaya-yoshinare,Takaya Yoshinare
ho-ik-jang,Jang Ho-Ik
eric-miller,Eric Miller
yuki-otsu,Yuki Otsu
makito-ito,Makito Ito
shun-nagasawa,Shun Nagasawa
daniel-royer,Daniel Royer
david-accam,David Accam
jaylin-lindsey,Jaylin Lindsey
takumi-sasaki,Takumi Sasaki
ayumu-seko,Ayumu Seko
yasushi-endo,Yasushi Endo
gyu-seong-lee,Lee Gyu-Seong
bo-kyung-kim,Kim Bo-Kyung
lucas-fernandes,Lucas Fernandes
michael-olunga-ogada,Olunga
andres-felipe-perea-castaneda,Andrés Perea
milan-iloski,Milan Iloski
alexandre-xavier-pereira-guedes,Alexandre Guedes
jong-woo-kim,Kim Jong-Woo
kyung-gun-mun,Mun Kyung Gun
patrick-metcalfe,Patrick Metcalfe
willyan-da-silva-barbosa,Willyan
joon-hyeok-choi,Choi Jun-Hyeok
niko-hansen,Niko Hansen
ryuho-kikuchi,Ryuho Kikuchi
gonzalo-nicolas-martinez,Gonzalo Martínez
jae-won-lee-1997-02-21,Lee Jae-Won
gabriel-nicolas-mezquida-sero,Nicolás Mezquida
tom-pettersson,Tom Pettersson
seung-hyun-jung,Jung Seung-Hyun
dejan-damjanovic,Dejan Damjanović
andy-rose,Andy Rose
keisuke-iwashita,Keisuke Iwashita
seo-ho-yoon,Yoon Seo-Ho
amro-tarek-abdel-aziz,Amro Tarek
kazuyoshi-miura,Kazuyoshi Miura
alfonso-ocampo-chavez,Alfonso Chavez
jimmy-mclaughlin,Jimmy McLaughlin
tatsuki-nara,Tatsuki Nara
ryan-meara,Ryan Meara
taiga-maekawa,Taiga Maekawa
alexander-martin-marquinho-callens-asin,Alexander Callens
maxime-chanot,Maxime Chanot
victor-ulloa,Victor Ulloa
yuta-matsumura,Yuta Matsumura
derrick-jones,Derrick Jones
koki-machida,Koki Machida
aljaz-ivacic,Aljaž Ivačič
takahiro-yanagi,Takahiro Yanagi
min-soo-kang,Kang Min-Soo
luis-barraza,Luis Barraza
diego-santiago-fagundez-pepe,Diego Fagúndez
gudmundur-thorarinsson,Guðmundur Thórarinsson
ilson-pereira-dias-junior,Ilsinho
soo-hyeok-kim,Kim Su-Hyeog
christian-ramirez,Christian Ramírez
jin-wook-jung,Jeong Jin-Wook
juan-pablo-torres,Juan Torres
tae-han-kim,Kim Tae-Han
blake-bodily,Blake Bodily
brooks-lennon,Brooks Lennon
kazuya-miyahara,Kazuya Miyahara
yusuke-minagawa,Yusuke Minagawa
takuya-aoki,Takuya Aoki
reo-yasunaga,Reo Yasunaga
shuhei-akasaki,Shuhei Akasaki
kazuki-fukai,Kazuki Fukai
matthew-real,Matthew Real
hugo-leonardo-silva-serejo,Léo Silva
kyle-zobeck,Kyle Zobeck
hiroshi-ibusuki,Hiroshi Ibusuki
seok-ho-hwang,Hwang Seok Ho
u-hyeon-jo,Cho U-Hyeon
george-campbell,George Campbell
yuta-koide,Yuta Koide
mikey-ambrose,Mikey Ambrose
kaoru-takayama,Kaoru Takayama
eu-ddeum-lee,Lee Eu-Ddeum
dong-hwan-min,Min Dong-Hwan
kaito-kamiya,Kaito Kamiya
akimi-barada,Akimi Barada
hirokazu-ishihara,Hirokazu Ishihara
shumpei-naruse,Shumpei Naruse
ji-hun-noh,Noh Ji-Hun
erik-mccue,Erik McCue
tomoki-takamine,Tomoki Takamine
kamal-miller,Kamal Miller
nick-deleon,Nick DeLeon
yuji-senuma,Yuji Senuma
manato-shinada,Manato Shinada
moon-hwan-kim,Kim Moon-Hwan
alejandro-bedoya,Alejandro Bedoya
tatsuya-yamashita,Tatsuya Yamashita
do-hyuk-kim,Kim Do-Hyeok
yimmi-javier-chara-zamora,Yimmi Chará
taiga-hata,Taiga Hata
darwin-adelso-ceren-delgado,Darwin Cerén
rikuto-hirose,Rikuto Hirose
roman-neustadter,Roman Neustädter
lars-bender-1989-04-27,Lars Bender
andre-anderson-pomilio-lima-da-silva,André Anderson
lucas-da-silva-izidoro,Lucas Mineiro
timothee-pembele,Timothee Pembele
yun-ho-jang,Jang Yun-Ho
wesley-moustache-mayeko,Wesley Moustache
ibrahim-junior-kuribara,Ibrahim Junior Kuribara
jose-manuel-reina-paez,Pepe Reina
lorenzo-jesus-moron-garcia,Loren Morón
tom-van-hyfte,Tom Van Hyfte
brandt-bronico,Brandt Bronico
hamza-mendyl,Hamza Mendyl
steven-skrzybski,Steven Skrzybski
antonio-latorre-grueso,Toni Lato
kyosuke-tagawa,Kyosuke Tagawa
colin-dagba,Colin Dagba
lars-veldwijk,Lars Veldwijk
ryo-okui,Ryo Okui
ralf-fahrmann,Ralf Fährmann
marcin-bulka,Marcin Bulka
lucas-ribeiro-costa,Lucas Ribeiro
julian-draxler,Julian Draxler
arnaldo-antonio-sanabria-ayala,Tonny Sanabria
hugo-guillamon-sanmartin,Hugo Guillamón
abdou-diallo,Abdou Diallo
jose-andres-guardado-hernandez,Andrés Guardado
seon-min-moon,Moon Seon-Min
timo-becker,Timo Becker
david-remeseiro-salgueiro,Jason Remeseiro
young-sun-yun,Yun Young-Sun
idrissa-gana-gueye,Idrissa Gueye
russell-teibert,Russell Teibert
david-romney,David Romney
sebastian-driussi,Sebastián Driussi
denis-terentjev,Denis Terentyev
munir-mercan,Levent Mercan
zakaria-bakkali,Zakaria Bakkali
gary-christofer-kagelmacher-perez,Gary Kagelmacher
zohran-ludovic-bassong,Zohran Bassong
manuel-guanini,Manuel Guanini
mario-hermoso-canseco,Mario Hermoso
jean-thierry-lazare-amani,Jean Amani
vivaldo-borges-dos-santos-neto,Neto
victor-alexander-da-silva,Vitinho
trova-boni,Trova Boni
ivan-yagan,Ivan Yagan
sime-vrsaljko,Šime Vrsaljko
arthur-allemeersch,Arthur Allemeersch
jaka-bijol,Jaka Bijol
lorenzo-antonio-melgarejo-sanabria,Lorenzo Melgarejo
andre-schurrle,André Schürrle
antonio-milic,Antonio Milić
davy-roef,Davy Roef
arno-valkenaers,Arno Valkenaers
thierry-lutonda,Thierry Lutonda
marko-arnautovic,Marko Arnautović
nathan-de-medina,Nathan De Medina
james-lawrence,James Lawrence
marcos-javier-acuna,Marcos Acuña
nicolas-lombaerts,Nicolas Lombaerts
mark-uth,Mark Uth
manor-solomon,Manor Solomon
idriss-saadi,Idriss Saadi
ko-matsubara,Ko Matsubara
won-gyun-kim,Kim Won-Gun
sebastien-uchechukwu-ibeagha,Sebastien Ibeagha
seung-min-song,Song Seung-Min
shuto-watanabe,Shuto Watanabe
jun-hee-lee,Lee Jun-Hee
soo-bin-lee,Lee Soo-Bin
yusuke-chajima,Yusuke Chajima
kang-han-lee,Lee Kang-Han
jaroslaw-niezgoda,Jaroslaw Niezgoda
takuya-okamoto,Takuya Okamoto
gedion-zelalem,Gedion Zelalem
si-hoo-hong,Hong Si-Hoo
niki-jackson,Niki Jackson
andreu-fontas-prat,Fontàs
yuki-soma,Yuki Soma
yasufumi-nishimura,Yasufumi Nishimura
trey-muse,Trey Muse
ryo-nagai,Ryo Nagai
jin-hyeok-kim,Kim Jin-Hyuk
takaaki-shichi,Takaaki Shichi
kazuki-nagasawa,Kazuki Nagasawa
cristian-david-pavon,Cristian Pavón
wan-kuzain-wan-kamal,Wan Kuzain
tatsuya-hasegawa,Tatsuya Hasegawa
shunsuke-ando,Shunsuke Ando
victor-cabrera-1993-02-07,Víctor Cabrera
young-gwon-kim,Kim Young Gwon
paul-marie,Paul Marie
mu-kanazaki,Mu Kanazaki
shamit-shome,Shamit Shome
ryosuke-tone,Ryosuke Tone
sung-eun-na,Na Sung-Eun
jun-gang-park,Park Joon-Kang
sebastian-berhalter,Sebastian Berhalter
takuya-shimamura,Takuya Shimamura
cody-cropper,Cody Cropper
julio-cesar-cascante-solorzano,Julio Cascante
chan-yong-jung,Jung Chan-Yong
erik-holt,Erik Holt
hiroyuki-abe,Hiroyuki Abe
yong-su-han,Han Yong-Su
hayao-kawabe,Hayao Kawabe
kosuke-shirai,Kosuke Shirai
julian-dunn-johnson,Julian Dunn-Johnson
connor-sparrow,Connor Sparrow
akihiro-ienaga,Akihiro Ienaga
teruhito-nakagawa,Teruhito Nakagawa
tomoya-koyamatsu,Tomoya Koyamatsu
chi-in-jung,Jeong Chi-In
joon-ho-son,Son Jun-Ho
jin-yong-lee,Lee Jin-Yong
myung-rae-ha,Ha Myeong-Rae
jakob-glesnes,Jakob Glesnes
dong-geon-cho,Cho Dong-Geon
hyun-taek-cho,Cho Hyun-Taek
daiki-hotta,Daiki Hotta
yuma-obata,Yuma Obata
bo-kyung-choi,Choi Bo-Kyung
ji-seung-lee,Lee Ji-Seung
christopher-lema,Christopher Lema
takuma-hamasaki,Takuma Hamasaki
chris-seitz,Chris Seitz
ryan-hollingshead,Ryan Hollingshead
john-mccarthy,John McCarthy
nick-lima,Nick Lima
jalil-anibaba,Jalil Anibaba
anibal-cesis-godoy,Aníbal Godoy
dax-mccarty,Dax McCarty
tae-hwan-kim-2000-03-25,Kim Tae-Hwan
teerasil-dangda,Teerasil Dangda
wataru-tanaka,Wataru Tanaka
seung-mo-lee,Lee Seung-Mo
alvaro-medran-just,Medrán
yuito-suzuki,Yuito Suzuki
ewerton-da-silva-pereira,Ewerton
chan-gi-an,An Chan-Gi
naoki-yamada,Naoki Yamada
jin-hyeon-kim,Kim Jin Hyeon
shoji-toyama,Shoji Toyama
yong-gi-ryang,Ryang Yong-Gi
jin-hyun-lee,Lee Jin-Hyun
in-beom-hwang,Hwang In-Beom
yoshiki-takahashi,Yoshiki Takahashi
orji-okwonkwo,Orji Okwonkwo
anthony-jackson-hamel,Anthony Jackson-Hamel
suk-hwa-jung,Jung Suk-Hwa
yuji-hoshi,Yuji Hoshi
marcelo-nicolas-lodeiro-benitez,Nicolás Lodeiro
jonathan-osorio,Jonathan Osorio
takumi-nakamura,Takumi Nakamura
naoyuki-fujita,Naoyuki Fujita
katsuya-nagato,Katsuya Nagato
min-hyeok-lim,Lim Min-Hyeok
carlos-eduardo-fierro-guerrero,Carlos Fierro
pierce-waring,Pierce Waring
sebastian-anderson,Sebastian Anderson
koki-tachi,Koki Tachi
sang-ki-lee,Lee Sang-Gi
suk-jong-han,Han Suk-Jong
yamato-machida,Yamato Machida
brendan-moore,Brendan Moore
min-duk-kim,Kim Min-Duk
yuta-kamiya,Yuta Kamiya
albian-ajeti,Albian Ajeti
tom-pietermaat,Tom Pietermaat
romain-matthys,Romain Matthys
zachary-brault-guillard,Zachary Brault-Guillard
raul-moro-prescoli,Raul Moro
mitchel-bakker,Mitchel Bakker
shunki-higashi,Shunki Higashi
tomoaki-makino,Tomoaki Makino
goro-kawanami,Goro Kawanami
salif-sane,Salif Sané
layvin-kurzawa,Layvin Kurzawa
thilo-kehrer,Thilo Kehrer
shintaro-kurumaya,Shintaro Kurumaya
dejan-lovren,Dejan Lovren
jun-nishikawa,Jun Nishikawa
mauro-emanuel-icardi-rivero,Mauro Icardi
joao-felipe-schmidt-urbano,Joao Schmidt
ali-adnan-kadhim-al-tameemi,Ali Adnan
lucas-pezzini-leiva,Lucas Leiva
koki-saito,Koki Saito
jin-hyung-lee,Lee Jin-Hyung
david-beckham,David Beckham
pierre-yves-ngawa,Pierre-Yves Ngawa
francisco-de-oliveira-geraldes,Chico Geraldes
paul-nardi,Paul Nardi
leandro-luis-desabato,Leandro Desabato
luis-robles,Luis Robles
maxime-d-arpino,Maxime D'Arpino
milos-kosanovic,Miloš Kosanović
cyle-larin,Cyle Larin
harrinson-mancilla-mulato,Harrinson Mancilla
dieumerci-n-dongala,Dieumerci N'Dongala
maximiliano-angel-coronel,Maximiliano Coronel
matheo-parmentier,Mathéo Parmentier
saulo-decarli,Saulo Decarli
mapou-yanga-mbiwa,Mapou Yanga-Mbiwa
robbe-decostere,Robbe Decostere
henrik-rorvik-bjordal,Henrik Bjørdal
guus-til,Guus Til
julian-baumgartlinger,Julian Baumgartlinger
harold-moukoudi,Harold Moukoudi
charles-vanhoutte,Charles Vanhoutte
francesco-forte,Francesco Forte
karlo-letica,Karlo Letica
johnathan-panzo,Jonathan Panzo
nacer-chadli,Nacer Chadli
jeremy-mathieu,Jérémy Mathieu
shoya-nakajima,Shoya Nakajima
thibo-somers,Thibo Somers
kensuke-nagai,Kensuke Nagai
se-jong-ju,Ju Se-Jong
takahiro-nakazato,Takahiro Nakazato
hinata-kida,Hinata Kida
joon-hyung-kim,Kim Joon-Hyung
damiano-pecile,Damiano Pecile
kota-watanabe,Kota Watanabe
kazuya-yamamura,Kazuya Yamamura
marcelo-andres-silva-fernandez,Marcelo Silva
oriol-rosell-argerich,Oriol Rosell
ha-bean-park,Park Ha-Bean
tarik-elyounoussi,Tarik
micheal-azira,Micheal Azira
sun-young-lim,Lim Sun-Young
cole-turner,Cole Turner
sam-nicholson,Sam Nicholson
douglas-felisbino-de-oliveira,Douglas Oliveira
shane-o-neill,Shane O'Neill
nkosi-burgess,Nkosi Burgess
eric-daian-remedi,Eric Remedi
francisco-wellington-barbosa-de-lisboa,Robinho
akira-yoshida,Akira Yoshida
keigo-higashi,Keigo Higashi
ryotaro-ito,Ryotaro Ito
sean-nealis,Sean Nealis
matt-besler,Matt Besler
tsubasa-endoh,Tsubasa Endoh
taiki-yamada,Taiki Yamada
kyung-min-park,Park Kyung-Min
ryota-nagaki,Ryota Nagaki
yuki-abe,Yuki Abe
elson-ferreira-de-souza,Elsinho
yasuki-kimoto,Yasuki Kimoto
zain-issaka,Zain Issaka
keisuke-kurokawa,Keisuke Kurokawa
hayato-nakama,Hayato Nakama
joel-waterman,Joel Waterman
will-bruin,Will Bruin
ryosuke-yamanaka,Ryosuke Yamanaka
shea-salinas,Shea Salinas
michael-bradley,Michael Bradley
isaac-angking,Isaac Angking
eiichi-katayama,Eiichi Katayama
yong-lee,Lee Yong
alec-kann,Alec Kann
yun-seong-jo,Jo Yun-Seong
dong-hyun-kim,Kim Dong-Hyun
ji-hwan-moon,Mun Ji-Hwan
auston-trusty,Auston Trusty
michee-ngalina,Michee Ngalina
erik-hurtado,Erik Hurtado
kakeru-kumagawa,Kakeru Kumagawa
jordan-bender,Jordan Bender
graham-zusi,Graham Zusi
ryuya-nishio,Ryuya Nishio
leandro-marcos-peruchena-pereira,Leandro Pereira
eijiro-takeda,Eijiro Takeda
jonjoe-kenny,Jonjoe Kenny
sofian-kiyine,Sofian Kiyine
davide-santon,Davide Santon
raheem-edwards,Raheem Edwards
dimitri-lavalee,Dimitri Lavalée
akira-ibayashi,Akira Ibayashi
beom-seok-oh,Oh Beom-Seok
cristian-tello-herrera,Cristian Tello
oregan-ravet,Oregan Ravet
siebe-blondelle,Siebe Blondelle
jonathan-bolingi-mpangi-merikani,Jonathan Bolingi
juan-miguel-jimenez-lopez,Juanmi
stefan-milosevic,Stefan Milošević
casey-walls,Casey Walls
andy-jorman-polo-andrade,Andy Polo
brecht-dejaegere,Brecht Dejaegere
noah-fadiga,Noah Fadiga
guido-guerrieri,Guido Guerrieri
jan-van-den-bergh,Jan Van den Bergh
merveille-bope-bokadi,Merveille Bokadi
juan-guilherme-nunes-jesus,Juan Jesus
jules-christ-kouassi-eboue,Kouassi Eboue
herve-kage,Hervé Kage
jean-philippe-krasso,Jean-Philippe Krasso
rocky-bushiri-1999-11-30,Rocky Bushiri
aimen-moueffek,Aimen Moueffek
marvin-tshibuabua,Marvin Tshibuabua
reziuan-mirzov,Reziuan Mirzov
assane-diousse-el-hadji,Assane Dioussé
benjamin-stambouli,Benjamin Stambouli
jonah-osabutey,Jonah Osabutey
osvaldo-nicolas-fabian-gaitan,Nicolás Gaitán
rene-krhin,Rene Krhin
william-dutoit,William Dutoît
jon-bautista-orgilles,Jon Bautista
kenny-tete,Kenny Tete
bambo-diaby,Bambo Diaby
wesley-moraes-ferreira-da-silva,Wesley
gonzalo-villar-del-fraile,Gonzalo Villar
jefferson-agustin-farfan-guadalupe,Jefferson Farfán
yeon-gyu-lee,Lee Yeon-Gyu
min-jun-kim-2000-02-12,Kim Min-Jun
kosuke-saito,Kosuke Saito
gi-yeol-kim,Kim Gi-Yeol
hiroki-miyazawa,Hiroki Miyazawa
dai-tsukamoto,Dai Tsukamoto
dong-geon-lee,Lee Dong-Geon
jung-min-lee,Lee Jung-Min
ariajasuru-hasegawa,Ariajasuru Hasegawa
jimmy-maurer,Jimmy Maurer
chris-duvall,Chris Duvall
naoki-nomura,Naoki Nomura
daniel-lovitz,Daniel Lovitz
erik-sorga,Erik Sorga
ken-matsubara,Ken Matsubara
anthony-fontana,Anthony Fontana
tyler-freeman,Tyler Freeman
moses-nyeman,Moses Nyeman
pablo-enrique-ruiz,Pablo Ruíz
giancarlo-gonzalez-castro,Giancarlo González
kazuki-oiwa,Kazuki Oiwa
kenta-tanno,Kenta Tanno
kentaro-seki,Kentaro Seki
kunimitsu-sekiguchi,Kunimitsu Sekiguchi
yutaro-hakamata,Yutaro Hakamata
kiichi-yajima,Kiichi Yajima
takehiro-tomiyasu,Takehiro Tomiyasu
alberth-josue-elis-martinez,Alberth Elis
toon-raemaekers,Toon Raemaekers
akito-fukuta,Akito Fukuta
charis-charisis,Charis Charisis
yutaka-yoshida,Yutaka Yoshida
danilo-cataldi,Danilo Cataldi
jorn-vancamp,Jorn Vancamp
chang-yong-lee,Lee Chang-Yong
solomon-kverkvelia,Solomon Kverkvelia
milan-de-mey,Milan De Mey
david-edward-martin,David Martin
jean-francois-gillet,Jean-François Gillet
andreas-wiegel,Andreas Wiegel
robbie-d-haese,Robbie D'Haese
davide-zappacosta,Davide Zappacosta
renato-cardoso-porto-neto,Renato Neto
eric-asomani,Eric Asomani
medjon-hoxha,Medjon Hoxha
hoo-sung-oh,Oh Hu-Seong
kei-koizumi,Kei Koizumi
masataka-nishimoto,Masataka Nishimoto
soo-il-park,Park Soo-Il
jun-amano,Jun Amano
jae-woo-bae,Bae Jae-Woo
seigo-kobayashi,Seigo Kobayashi
jun-ichimori,Jun Ichimori
yohei-nishibe,Yohei Nishibe
ryotaro-hironaga,Ryotaro Hironaga
young-kyu-ahn,Ahn Young-Kyu
jae-sung-lee-1988-07-05,Lee Jae-Sung
sam-johnson-1993-05-06,Sam Johnson
paul-joseph-arriola-hendricks,Paul Arriola
yoshifumi-kashiwa,Yoshifumi Kashiwa
jordan-harvey,Jordan Harvey
so-fujitani,So Fujitani
yuto-yamada,Yuto Yamada
erik-nascimento-de-lima,Erik
sidnei-rechel-da-silva-junior,Sidnei
francisco-javier-delgado-rojano,Fran Delgado
federico-julian-fazio,Federico Fazio
daichi-kamada,Daichi Kamada
dae-joong-kim,Kim Dae-Jung
sergi-palencia-hurtado,Sergi Palencia
imoh-ezekiel,Imoh Ezekiel
pieter-gerkens,Pieter Gerkens
boy-de-jong,Boy de Jong
alessandro-albanese,Alessandro Albanese
vanja-milinkovic-savic,Vanja Savić
mikhail-ignatov,Mikhail Ignatov
joseph-paintsil,Joseph Paintsil
jari-de-busser,Jari De Busser
hee-gyun-lee,Lee Hee-Gyun
christopher-cadden,Christopher Cadden
donald-toia,Donald Toia
drew-moor,Drew Moor
adama-valentin-diomande,Adama Diomande
matt-lagrassa,Matt LaGrassa
sho-inagaki,Sho Inagaki
yuya-fukuda,Yuya Fukuda
adailton-dos-santos-da-silva,Adailton
sung-yoon-lee,Lee Sung-Yoon
ngoran-suiru-fai-collins,Fai Collins
takashi-usami,Takashi Usami
emmanuel-boateng-1994-01-17,Emmanuel Boateng
anthony-swolfs,Anthony Swolfs
joan-campins-vidal,Joan Campins
timur-suleymanov,Timur Suleymanov
adama-niane,Adama Niane
calvin-dekuyper,Calvin Dekuyper
nader-ghandri,Nader Ghandri
darren-keet,Darren Keet
ilya-pomazun,Ilya Pomazun
haruki-saruta,Haruki Saruta
eisuke-fujishima,Eisuke Fujishima
oniel-david-fisher,Oniel Fisher
joan-isaac-cuenca-lopez,Isaac Cuenca
edwin-cerrillo,Edwin Cerrillo
kei-ishikawa,Kei Ishikawa
tomas-jose-conechny,Tomás Conechny
scott-caldwell,Scott Caldwell
yuji-takahashi,Yuji Takahashi
matheus-goncalves-savio,Matheus Savio
masakazu-tashiro,Masakazu Tashiro
ju-hwan-seo,Seo Ju-Hwan
senad-lulic,Senad Lulić
franck-tsadjout,Franck Tsadjout
masato-morishige,Masato Morishige
cedric-omoigui,Cedric Omoigui
younes-delfi,Younes Delfi
liam-fraser,Liam Fraser
seung-woo-ryu,Ryu Seung-Woo
shuto-abe,Shuto Abe
jong-gyu-yoon,Yoon Jong-Gyu
emil-cuello,Emil Cuello
sang-whi-shin,Shin Sang-Whi
alexander-roldan,Alexander Roldan
marius-adamonis,Marius Adamonis
thomas-mcnamara,Thomas McNamara
ljubomir-fejsa,Ljubomir Fejsa
hady-sangare,Hady Sangare
charels-nathan-abi,Charels Abi
diogo-lucas-queiros,Diogo Queirós
abdoulaye-dabo,Abdoulaye Dabo
sergio-dutra-junior,Junior Dutra
brayan-antonio-beckeles,Brayan Beckeles
rudy-camacho,Rudy Camacho
cameron-duke,Cameron Duke
eui-gwon-han,Han Eui-Gwon
naoki-ishihara,Naoki Ishihara
masaaki-goto,Masaaki Goto
can-bozdogan,Can Bozdogan
omar-mascarell-gonzalez,Omar Mascarell
jean-daniel-akpa-akpro,Jean-Daniel Akpa Akpro
angel-fabian-di-maria-hernandez,Ángel Di María
sang-hoon-ma,Ma Sang-Hoon
marko-pjaca,Marko Pjaca
emiliano-ariel-rigoni,Emiliano Rigoni
leroy-sane,Leroy Sané
serge-gnabry,Serge Gnabry
alessandro-florenzi,Alessandro Florenzi
sebastian-rudy,Sebastian Rudy
sardar-azmoun,Sardar Azmoun
leon-goretzka,Leon Goretzka
aleksandr-vasyutin,Aleksandr Vasyutin
niklas-sule,Niklas Süle
tatsuya-ito,Tatsuya Ito
dylan-bronn,Dylan Bronn
hiroto-nakagawa,Hiroto Nakagawa
yuji-ono,Yuji Ono
robbie-robinson,Robbie Robinson
nicholas-matthew-taitague,Nick Taitague
josue-humberto-goncalves-leal-sa,Josué Sá
yildirim-mert-cetin,Yıldırım Çetin
stephen-odey,Stephen Odey
jese-rodriguez-ruiz,Jesé
logan-ndenbe,Logan Ndenbe
tuur-dierckx,Tuur Dierckx
luis-argudo,Luis Argudo
jae-woo-kim,Kim Jae-Woo
zac-macmath,Zac MacMath
maxime-de-bie,Maxime De Bie
luis-garcia-fernandez,Luis García
seth-sinovic,Seth Sinovic
seiji-kimura,Seiji Kimura
christian-frederick-bayoi-makoun-reyes,Christian Makoun
kouadio-yves-dabila,Kouadio Dabila
manuel-neuer,Manuel Neuer
benjamin-pavard,Benjamin Pavard
kingsley-coman,Kingsley Coman
leonardo-miramar-rocha,Rocha Miramar
francois-marquet,François Marquet
botond-barath,Botond Baráth
antonio-mlinar-delamea,Antonio Mlinar Delamea
william-silva-de-carvalho,William Carvalho
jin-hiratsuka,Jin Hiratsuka
brian-oladapo-idowu,Brian Idowu
fernando-canesin-matos,Fernando Canesin
giulian-biancone,Giulian Biancone
diawandou-diagne-niang,Diawandou Diagné
jorge-filipe-soares-silva,Jorge Silva
yohan-cabaye,Yohan Cabaye
valtteri-moren,Valtteri Moren
andrija-zivkovic,Andrija Živković
yu-min-yang,Yang Yu-Min
jukka-raitala,Jukka Raitala
aleksandr-erokhin,Aleksandr Erokhin
mikhail-kerzhakov,Mikhail Kerzhakov
daniil-shamkin,Daniil Shamkin
malcom-filipe-silva-de-oliveira,Malcom
louis-fortin,Louis Fortin
corentin-tolisso,Corentin Tolisso
franck-honorat,Franck Honorat
maximiliano-caire,Maximiliano Caire
thomas-muller,Thomas Müller
sambou-yatabare,Sambou Yatabaré
kentu-malcolm-badu,Kentu Badu
urho-nissila,Urho Nissilä
vladimir-kovacevic,Vladimir Kovačević
philippe-sandler,Philippe Sandler
sung-soo-jeon,Jun Seong-Su
isaac-kone,Isaac Koné
adrien-regattin,Adrien Regattin
ayaz-guliev,Ayaz Guliev
eric-anders-smith,Eric Smith
mamadou-sylla-diallo,Mamadou Sylla
elohim-rolland,Elohim Rolland
derrick-katuku-tshimanga,Derrick Tshimanga
alioune-camara,Alioune Camara
sieben-dewaele,Sieben Dewaele
zouhair-feddal,Zouhair Feddal
brandon-baiye,Brandon Baiye
moussa-djenepo,Moussa Djenepo
aristote-nkaka,Aristote Nkaka
sami-allagui,Sami Allagui
jesus-david-marimon-baez,Jesús Marimón
lucas-silva-melo,Lucas Melo
andy-aryel-najar-rodriguez,Andy Najar
fernando-llorente-torres,Llorente
youness-mokhtar,Youness Mokhtar
kai-shibato,Kai Shibato
ryu-takao,Ryu Takao
nikita-medvedev,Nikita Medvedev
santiago-patino,Santiago Patino
pedro-manuel-lobo-peixoto-mineiro-mendes,Pedro Mendes
paul-jose-m-poku-ebunge,Paul-José M'Poku
rodrigo-francisco-pinto-vieira-fernandes,Rodrigo Fernandes
marcus-ingvartsen,Marcus Ingvartsen
ben-reichert,Ben Reichert
bojan-nastic,Bojan Nastić
andi-koshi,Andi Koshi
anton-sosnin,Anton Sosnin
artur-yusupov,Artur Yusupov
marco-verratti,Marco Verratti
chul-hong,Hong Chul
matias-german-melluso,Matías Melluso
aboubakary-kante,Aboubakary Kanté
luis-pedro-cavanda,Luis Cavanda
carlos-alberto-sanchez-moreno,Carlos Sánchez
yusuke-matsuo,Yusuke Matsuo
elton-acolatse,Elton Acolatse
alexis-gamboa,Alexis Gamboa
andriy-batsula,Andriy Batsula
kevin-mirallas,Kevin Mirallas
alejandro-eugenio-guido-perez,Alejandro Guido
clement-libertiaux,Clément Libertiaux
arnaud-souquet,Arnaud Souquet
kevin-appin,Kévin Appin
tibo-herbots,Tibo Herbots
oscar-hiljemark,Oscar Hiljemark
cyril-ngonge,Cyril Ngonge
olanrewaju-muhammed-kehinde,Olanrewaju Kehinde
jeremy-huyghebaert,Jeremy Huyghebaert
mizuki-ichimaru,Mizuki Ichimaru
ronald-alejandro-vargas-aranguren,Ronald Vargas
bubacarr-sanneh,Bubacarr Sanneh
phillip-chijoke-ejimadu,Phillip Ejimadu
kevin-debaty,Kevin Debaty
bennard-yao-kumordzi,Bennard Kumordzi
larry-azouni,Larry Azouni
carlos-marin-tomas,Carlos Marín
franco-gabriel-mussis,Franco Mussis
denis-mihai-dragus,Denis Drăguş
neymar-da-silva-santos-junior,Neymar
gary-magnee,Gary Magnée
luka-adzic,Luka Adžić
lennart-moser,Lennart Moser
maxime-wenssens,Maxime Wenssens
steven-defour,Steven Defour
nathan-trott,Nathan Trott
adrian-stanilewicz,Adrian Stanilewicz
benjamin-edouardo-lambot,Benjamin Lambot
ruslan-malinovskiy,Ruslan Malinovskiy
juan-miranda-gonzalez,Juan Miranda
mathieu-troonbeeckx,Mathieu Troonbeeckx
wesley-hoedt,Wesley Hoedt
kenny-saief,Kenny Saief
hamdi-harbaoui,Hamdi Harbaoui
luka-zarandia,Luka Zarandia
valentin-baume,Valentin Baume
paolino-bertaccini,Paolino Bertaccini
thiago-maia-alencar,Thiago Maia
erdin-demir,Erdin Demir
jonathan-leonardo-farias,Jonathan Farías
nicolas-rajsel,Nicolas Rajsel
dion-cools,Dion Cools
floriano-vanzo,Floriano Vanzo
hee-won-choe,Choe Hee-Won
sebastien-pocognoli,Sébastien Pocognoli
gianluca-gaetano,Gianluca Gaetano
carles-alena-castillo,Carles Aleñà
roberto-jimenez-gago,Roberto Jiménez
tese-chong,Chong Tese
alexander-sorloth,Alexander Sørloth
artem-dzyuba,Artem Dzyuba
andrey-lunev,Andrey Lunev
david-olatukunbo-alaba,David Alaba
lucas-hernandez-pi,Lucas Hernández
leon-musaev,Leon Musaev
percy-prado-ruiz,Percy Prado
xavier-mercier,Xavier Mercier
yasumasa-kawasaki,Yasumasa Kawasaki
stefano-denswil,Stefano Denswil
jean-eudes-aholou,Jean Aholou
nana-kwesi-asare,Nana Asare
alexandre-olliero,Alexandre Olliero
nemanja-antonov,Nemanja Antonov
raul-garcia-de-haro,Raúl García
franko-andrijasevic,Franko Andrijašević
han-gil-kim,Kim Han-Gil
philip-azango,Philip Azango
gaetan-carina-alexander-bosiers,Gaétan  Alexander
jakov-filipovic,Jakov Filipović
ban-suk-oh,Oh Ban-Suk
lloyd-palun,Lloyd Palun
reginal-goreux,Réginal Goreux
clement-tainmont,Clément Tainmont
francisco-javier-martos-espigares,Javi Martos
pablo-maximiliano-cuadra,Pablo Cuadra
teddy-chevalier,Teddy Chevalier
remi-mulumba,Rémi Mulumba
abdurahim-laajab,IBBA
amine-khammas,Amine Khammas
delio-palmieri,Delio Palmieri
jorge-luis-moreira-ferreira,Jorge Moreira
sofyan-amrabat,Sofyan Amrabat
orlando-carlos-braga-de-sa,Orlando Sá
fabricio-dos-santos-messias,Fabricio
joseph-aidoo,Joseph Aidoo
kirill-panchenko,Kirill Panchenko
jakub-piotrowski,Jakub Piotrowski
yoshitake-suzuki,Yoshitake Suzuki
wataru-endo,Wataru Endo
boubacar-fofana,Boubacar Fofana
julian-schauerte,Julian Schauerte
powell-obinna-obi,Powell Obi
emmanuel-justine-rabby-banda,Emmanuel Banda
hyun-woo-ju,Ju Hyun-Woo
lyle-foster,Lyle Foster
cong-ph-ng-nguy-n,Nguyễn Công Phượng
luan-peres-petroni,Luan Peres
musashi-suzuki,Musashi Suzuki
evangelos-patoulidis,Evangelos Patoulidis
anderson-esiti,Anderson Esiti
theo-vermot,Théo Vermot
mamadou-loum-ndiaye,Mamadou Ndiaye
taiwo-michael-awoniyi,Taiwo Awoniyi
frantzdy-pierrot,Frantzdy Pierrot
franck-irie,Franck Irie
hayato-teruyama,Hayato Teruyama
robert-lewandowski,Robert Lewandowski
amine-gouiri,Amine Gouiri
alfonso-pedraza-sag,Alfonso Pedraza
rijad-sadiku,Rijad Sadiku
davino-verhulst,Davino Verhulst
pierre-daniel-n-guinda-n-diffon,Pierre-Daniel N'Guinda
thomas-agyepong,Thomas Agyepong
motohiko-nakajima,Motohiko Nakajima
fiorin-durmishaj,Fiorin Durmishaj
lee-nguyen,Lee Nguyen
norimichi-yamamoto,Norimichi Yamamoto
marvelous-nakamba,Marvelous Nakamba
zinho-gano,Zinho Gano
thomas-wildemeersch,Thomas Wildemeersch
kemar-lawrence-1992-09-17,Kemar Lawrence
adrien-bongiovanni,Adrien Bongiovanni
yaroslav-rakitskiy,Yaroslav Rakitskiy
douglas-dos-santos-justino-de-melo,Douglas Santos
wilmar-enrique-barrios-teran,Wílmar Barrios
aleksey-sutormin,Aleksey Sutormin
matheus-borges-domingues,Matheus
nikita-dorofeyev,Nikita Dorofeyev
reuben-yem,Reuben Yem
adrian-zendejas-rodriguez,Adrián Zendejas
wilfried-aimeric-zahibo,Wilfried Zahibo
lukas-marecek,Lukáš Mareček
ivan-fiolic,Ivan Fiolić
nill-de-pauw,Nill De Pauw
kekuta-manneh,Kekuta Manneh
antonio-barragan-fernandez,Barragán
sung-wook-jin,Jin Seong-Uk
rafal-pietrzak,Rafal Pietrzak
justin-haak,Justin Haak
steven-de-petter,Steven De Petter
niels-nkounkou,Niels Nkounkou
pedro-mba-obiang-avomo,Pedro Obiang
gedson-carvalho-fernandes,Gedson Fernandes
cedric-gogoua-kouame,Cedric Gogoua
javier-martinez-aginaga,Javi Martínez
aleksandr-maximenko,Aleksandr Maximenko
sebastjan-spahiu,Sebastjan Spahiu
gordan-bunoza,Gordan Bunoza
jhonatan-alexander-agudelo-velasquez,Jhonatan Agudelo
robbe-quirynen,Robbe Quirynen
saeid-ezatolahi-afagh,Saeid Ezatolahi
jonas-carls,Jonas Carls
marton-eppel,Marton Eppel
laurent-lemoine,Laurent Lemoine
godfred-donsah,Godfred Donsah
isaac-kiese-thelin,Isaac Thelin
ciryack-olivier-dhauholou,Ciryack Dhauholou
alen-halilovic,Alen Halilović
jae-seok-kim,Kim Jae-Seok
serge-gakpe,Serge Gakpé
caio-lucas-fernandes,Caio
jelle-van-damme,Jelle Van Damme
goune-niangadou,Goune Niangadou
jong-jin-kim-1996-03-05,Kim Jong-Jin
jose-francisco-cevallos-enriquez,José Cevallos
shogo-sasaki,Shogo Sasaki
christophe-diedhiou,Christophe Diedhiou
mauricio-de-carvalho-antonio,Maurício
jerome-boateng,Jérôme Boateng
sven-ulreich,Sven Ulreich
allan-goncalves-sousa,Allan Sousa
ho-jun-son,Son Ho-Jun
lorenzo-tonelli,Lorenzo Tonelli
luis-arriaga,Luis Arriaga
aleksandar-pesic,Aleksandar Pešić
edgar-gonzalez-estrada,Edgar González
laurent-mendy,Laurent Mendy
joshua-sims,Joshua Sims
jin-kyu-song-1997-07-12,Song Jin-Kyu
sei-muroya,Sei Muroya
andrey-mostovoy,Andrey Mostovoy
mickael-cuisance,Mickaël Cuisance
florian-tardieu,Florian Tardieu
brent-kallman,Brent Kallman
byung-chan-choi,Choe Byung-Chan
yannick-boli,Yannick Boli
conor-coventry,Conor Coventry
fabian-reese,Fabian Reese
tommy-mccabe,Tommy McCabe
danil-krugovoi,Danil Krugovoy
yuri-zhirkov,Yuri Zhirkov
william-balikwisha,William Balikwisha
atsuto-uchida,Atsuto Uchida
dylan-seys,Dylan Seys
mohamed-buya-turay,Mohamed Buya Turay
omid-noorafkan,Omid Noorafkan
nikola-gulan,Nikola Gulan
davino-liessens,Davino Liessens
guevin-tormin,Guevin Tormin
yuta-taki,Yuta Taki
alan-goncalves-sousa,Alan Sousa
chan-dong-lee,Lee Chan-Dong
keun-bae-kim,Kim Keun-Bae
idir-ouali,Idir Ouali
trevor-david-brooking,Trevor Brooking
giorgos-galitsios,Giorgos Galitsios
alec-van-hoorenbeeck,Alec Van Hoorenbeeck
giorgi-beridze-1997-05-12,Giorgi Beridze
adalberto-penaranda-maestre,Adalberto Peñaranda
anderson-lopez,Anderson Lopez
dimitris-chatziisaias,Dimitris Chatziisaias
josh-pask,Josh Pask
bruno-xavier-almeida-costa,Bruno Costa
ji-ho-han-1988-12-15,Han Ji-Ho
edimilson-fernandes,Edimilson Fernandes
thibault-vlietinck,Thibault Vlietinck
fatai-alashe,Fatai Alashe
oh-kyu-kim,Kim Oh-Kyu
ryuji-sawakami,Ryuji Sawakami
nihad-mujakic,Nihad Mujakić
miguel-berry,Miguel Berry
vladimir-screciu,Vladimir Screciu
apostolos-vellios,Apostolos Vellios
vyacheslav-karavaev,Vyacheslav Karavaev
nathan-rodes,Nathan Rodes
julien-serrano,Julien Serrano
francisco-javier-garcia-fernandez,Javi García
sebastiaan-bornauw,Sebastiaan Bornauw
joseph-akpala,Joseph Akpala
alphonso-davies,Alphonso Davies
nabil-alioui,Nabil Alioui
george-timotheou,George Timotheou
gael-kakudji,Gael Kakudji
david-pollet,David Pollet
edmilson-indjai-correia,Edmilson Indjai Correia
rubin-seigers,Rubin Seigers
magomed-ozdoev,Magomed Ozdoev
vieux-yaya-sane,Yaya Sané
takuya-ogiwara,Takuya Ogiwara
hyeon-ug-kim,Kim Hyeon-Ug
uche-henry-agbo,Uche Agbo
sam-byram,Sam Byram
grady-diangana,Grady Diangana
